RETURN ORDER NUMBER,JioCode,SELLER SKU,EAN,HSN,Return Created Date,Return Status,Return QTY,Return Shipment ID,Return Carrier Name,Return AWB No,3PL Delivery Status,Return Delivered Date,Delivery Challan No,Delivery Challan Date,Delivery Challan Posting Status,Return Value,QC completion date,Disposition,QC Reason coding,Return Type,Ret Doc No,Cust Return Reason,Credit Note Number,Credit Note Generation Date,Credit Note Acceptance date,Credit Note Value,Credit Note Pre Tax Value,Credit Note Tax Value,CGST AMOUNT,CGST PERCENTAGE,IGST AMOUNT,IGST PERCENTAGE,SGST AMOUNT,SGST PERCENTAGE,Credit Note Posting Status,FWD Seller Order ID,Cust Order No,FWD PO No,FWD PO Date,FWD B2B INVOICE No,FWD B2B INVOICE Date,FWD B2B Invoice Amt,FWD Carrier Name,FWD AWB,MRP,BRAND,Fulfillment Type,DC CODE,POB ID,Seller Name
RT188135472,701884635004,ZX--Pink-3XL,100000000125970873,62114210,Thu Jul 31 22:41:58 IST 2025,RETURN_DELIVERED,1,744791224,SHADOWFAX,R1359522451AJI,Return Delivered,Wed Aug 13 13:49:02 IST 2025,5122786935,Mon Aug 18 00:00:00 IST 2025,Not Processed,921.0,,,,RVP,,Different_Product_Delivered,28476253,Mon Aug 18 18:18:04 IST 2025,,592.32,564.12,28.2,14.1,2.5,0.0,0.0,14.1,2.5,NEW,1081995552,FN7868608440,5118929751,Thu Jul 24 00:00:00 IST 2025,AJ261383,2025-07-24,592.32,SHADOWFAX,SF1830051244AJI,2632.0,BHARVITA,FnL_SHIP,S779,DV00342231,EASY SELL SERVICE PRIVATE LIMITED
RT188164042,701884635001,ZX--Pink-XL,100000000125968941,62114210,Thu Jul 31 22:25:55 IST 2025,RETURN_CANCELLED,0,744460681,DELHIVERY,195042398796572,Shipment Cancelled,,,,Not Processed,0.0,,,,RVP,,Did_Not_Like_Color,,,,,,,,,,,,,,1082873944,FN8909605362,5119521846,Sun Jul 27 00:00:00 IST 2025,AJ2613199,2025-07-28,592.32,SHADOWFAX,SF1830255127AJI,2632.0,BHARVITA,FnL_SHIP,S779,DV00342231,EASY SELL SERVICE PRIVATE LIMITED
RT188107944,701884635004,ZX--Pink-3XL,100000000125970873,62114210,Thu Jul 31 21:22:44 IST 2025,RETURN_CANCELLED,0,744456138,DELHIVERY,195042398783003,Shipment Cancelled,,5121176341,Wed Aug 06 00:00:00 IST 2025,Not Processed,0.0,,,,RVP,,Not_Happy_With_Product_Quality,,,,,,,,,,,,,,1082643567,FN7209602922,5119599023,Mon Jul 28 00:00:00 IST 2025,AJ2613300,2025-07-28,592.32,SHADOWFAX,SF1830199186AJI,2632.0,BHARVITA,FnL_SHIP,S779,DV00342231,EASY SELL SERVICE PRIVATE LIMITED
RT188107880,701884635004,ZX--Pink-3XL,100000000125970873,62114210,Thu Jul 31 20:58:19 IST 2025,RETURN_CANCELLED,0,744454292,DELHIVERY,195042398778420,Shipment Cancelled,,,,Not Processed,0.0,,,,RVP,,Not_Happy_With_Product_Quality,,,,,,,,,,,,,,1083106186,FN9274608282,5119600774,Mon Jul 28 00:00:00 IST 2025,AJ2613390,2025-07-28,592.32,XPRESSBEES,13670526717471,2632.0,BHARVITA,FnL_SHIP,S779,DV00342231,EASY SELL SERVICE PRIVATE LIMITED
RT188141430,701884635001,ZX--Pink-XL,100000000125968941,62114210,Thu Jul 31 20:24:17 IST 2025,RETURN_DELIVERED,1,744451049,XPRESSBEES,23670523186447,Return Delivered,Tue Aug 12 15:55:59 IST 2025,5120405255,Fri Aug 01 00:00:00 IST 2025,Processed,782.85,,,,RVP,1021317102,Want_To_Change_Style_Color,28172865,Tue Aug 12 18:21:47 IST 2025,,592.32,564.12,28.2,14.1,2.5,0.0,0.0,14.1,2.5,NEW,1083074338,FN4219608775,5119521957,Sun Jul 27 00:00:00 IST 2025,AJ2613278,2025-07-28,592.32,XPRESSBEES,13670526707993,2632.0,BHARVITA,FnL_SHIP,S779,DV00342231,EASY SELL SERVICE PRIVATE LIMITED
RT188110800,701884646001,ZX--White-M,100000000125968984,62114210,Thu Jul 31 20:15:14 IST 2025,RETURN_DELIVERED,1,744474322,SHADOWFAX,R1350523493AJI,Return Delivered,Tue Aug 12 15:00:53 IST 2025,5120561936,Sat Aug 02 00:00:00 IST 2025,Processed,921.0,,,,RVP,1021487124,Different_Product_Delivered,28172855,Tue Aug 12 18:21:50 IST 2025,,592.32,564.12,28.2,14.1,2.5,0.0,0.0,14.1,2.5,NEW,1083203053,FN3298601004,5119600814,Mon Jul 28 00:00:00 IST 2025,AJ2613371,2025-07-28,592.32,SHADOWFAX,SF1830330765AJI,2632.0,BHARVITA,FnL_SHIP,S779,DV00342231,EASY SELL SERVICE PRIVATE LIMITED
RT188148164,701884635001,ZX--Pink-XL,100000000125968941,62114210,Thu Jul 31 19:42:33 IST 2025,RETURN_DELIVERED,1,744447515,SHADOWFAX,R1350525161AJI,Return Delivered,Thu Aug 07 13:34:53 IST 2025,5120368578,Fri Aug 01 00:00:00 IST 2025,Processed,813.84,,,,RVP,1021317005,Not_Happy_With_Product_Quality,27969714,Fri Aug 08 18:15:18 IST 2025,,592.32,564.12,28.2,14.1,2.5,0.0,0.0,14.1,2.5,NEW,1082856626,FN6828601704,5119521850,Sun Jul 27 00:00:00 IST 2025,AJ2613184,2025-07-28,592.32,SHADOWFAX,SF1830251553AJI,2632.0,BHARVITA,FnL_SHIP,S779,DV00342231,EASY SELL SERVICE PRIVATE LIMITED
RT188141284,701884635005,ZX--Pink-M,100000000125971914,62114210,Thu Jul 31 19:27:33 IST 2025,RETURN_CANCELLED,0,744446141,DELHIVERY,195042398658403,Shipment Cancelled,,5121090345,Wed Aug 06 00:00:00 IST 2025,Not Processed,0.0,,,,RVP,,Does_Not_Fit_Well,,,,,,,,,,,,,,1082059776,FN1397602604,5119101816,Fri Jul 25 00:00:00 IST 2025,AJ261389,2025-07-25,592.32,DELHIVERY,195042377019922,2632.0,BHARVITA,FnL_SHIP,S779,DV00342231,EASY SELL SERVICE PRIVATE LIMITED
RT188131417,701884635003,ZX--Pink-2XL,100000000125968989,62114210,Thu Jul 31 19:08:06 IST 2025,RETURN_DELIVERED,1,744443998,DELHIVERY,195042398652545,Return Delivered,Fri Aug 08 17:00:39 IST 2025,5120599948,Sat Aug 02 00:00:00 IST 2025,Processed,921.0,,,,RVP,1021487282,Not_Happy_With_Product_Quality,28040790,Sun Aug 10 18:29:04 IST 2025,,592.32,564.12,28.2,14.1,2.5,0.0,0.0,14.1,2.5,NEW,1083065386,FN2005604535,5119521947,Sun Jul 27 00:00:00 IST 2025,AJ2613244,2025-07-28,592.32,XPRESSBEES,13670526705140,2632.0,BHARVITA,FnL_SHIP,S779,DV00342231,EASY SELL SERVICE PRIVATE LIMITED
RT188148045,701884635004,ZX--Pink-3XL,100000000125970873,62114210,Thu Jul 31 18:57:24 IST 2025,RETURN_CREATED,1,744442250,SHADOWFAX,R1350504316AJI,Return Intransit,,5120262695,Thu Jul 31 00:00:00 IST 2025,Processed,828.97,,,,RVP,1021129874,Found_Better_Product,,,,,,,,,,,,,,1083056420,FN8119605933,5119521937,Sun Jul 27 00:00:00 IST 2025,AJ2613209,2025-07-28,592.32,DELHIVERY,195042380364990,2632.0,BHARVITA,FnL_SHIP,S779,DV00342231,EASY SELL SERVICE PRIVATE LIMITED
RT188146031,701884635001,ZX--Pink-XL,100000000125968941,62114210,Thu Jul 31 18:41:12 IST 2025,RETURN_DELIVERED,1,744440273,DELHIVERY,195042398646201,Return Delivered,Wed Aug 06 15:01:29 IST 2025,5120421866,Fri Aug 01 00:00:00 IST 2025,Processed,806.48,,,,RVP,1021317108,Size_Is_Smaller_Than_Expected,27875123,Thu Aug 07 12:14:38 IST 2025,,592.32,564.12,28.2,14.1,2.5,0.0,0.0,14.1,2.5,NEW,1082888735,FN3458600469,5119521848,Sun Jul 27 00:00:00 IST 2025,AJ2613234,2025-07-28,592.32,DELHIVERY,195042379751672,2632.0,BHARVITA,FnL_SHIP,S779,DV00342231,EASY SELL SERVICE PRIVATE LIMITED
RT188104707,701884635001,ZX--Pink-XL,100000000125968941,62114210,Thu Jul 31 18:36:48 IST 2025,RETURN_DELIVERED,1,744440068,DELHIVERY,4884661863162,Return Delivered,Fri Aug 08 17:00:39 IST 2025,5122243374,Thu Aug 14 00:00:00 IST 2025,Not Processed,921.0,,,,RVP,,Does_Not_Look_Good_On_Me,28300874,Thu Aug 14 18:18:29 IST 2025,,592.32,564.12,28.2,14.1,2.5,0.0,0.0,14.1,2.5,NEW,1082778954,FN4809605872,5119600749,Mon Jul 28 00:00:00 IST 2025,AJ2613333,2025-07-28,592.32,DELHIVERY,195042379390553,2632.0,BHARVITA,FnL_SHIP,S779,DV00342231,EASY SELL SERVICE PRIVATE LIMITED
RT188092942,701877201001,BH-KKX-MUSTARD-M,100000000125923967,62114210,Thu Jul 31 18:12:10 IST 2025,RETURN_DELIVERED,1,744712480,DELHIVERY,4884661923863,Return Delivered,Wed Aug 13 17:11:40 IST 2025,5122788404,Mon Aug 18 00:00:00 IST 2025,Not Processed,644.7,,,,RVP,,Different_Product_Delivered,28476256,Mon Aug 18 18:18:07 IST 2025,,592.32,564.12,28.2,14.1,2.5,0.0,0.0,14.1,2.5,NEW,1083145351,FN3978605242,5119600782,Mon Jul 28 00:00:00 IST 2025,AJ2613351,2025-07-28,592.32,XPRESSBEES,13670526725637,2632.0,BHARVITA,FnL_SHIP,S779,DV00342231,EASY SELL SERVICE PRIVATE LIMITED
RT188087910,701884635003,ZX--Pink-2XL,100000000125968989,62114210,Thu Jul 31 17:38:18 IST 2025,RETURN_DELIVERED,1,744434965,SHADOWFAX,R1348780639AJI,Return Delivered,Fri Aug 08 13:16:33 IST 2025,5120350366,Fri Aug 01 00:00:00 IST 2025,Processed,920.44,,,,RVP,1021316948,Not_Happy_With_Product_Quality,27969731,Fri Aug 08 18:15:17 IST 2025,,592.32,564.12,28.2,14.1,2.5,0.0,0.0,14.1,2.5,NEW,1082580910,FN2109609892,5119599002,Mon Jul 28 00:00:00 IST 2025,AJ2613291,2025-07-28,592.32,XPRESSBEES,13670526565804,2632.0,BHARVITA,FnL_SHIP,S779,DV00342231,EASY SELL SERVICE PRIVATE LIMITED
RT188101482,701877201005,BH-KKX-MUSTARD-L,100000000125935795,62114210,Thu Jul 31 16:44:58 IST 2025,RETURN_DELIVERED,1,744463757,DELHIVERY,4884661869053,Return Delivered,Fri Aug 08 17:00:39 IST 2025,5120561448,Sat Aug 02 00:00:00 IST 2025,Processed,920.45,,,,RVP,1021487120,Different_Product_Delivered,28040712,Sun Aug 10 18:29:00 IST 2025,,592.32,564.12,28.2,14.1,2.5,0.0,0.0,14.1,2.5,NEW,1081908757,FN9645602163,5118929754,Thu Jul 24 00:00:00 IST 2025,AJ261374,2025-07-24,592.32,XPRESSBEES,13670526379426,2632.0,BHARVITA,FnL_SHIP,S779,DV00342231,EASY SELL SERVICE PRIVATE LIMITED
RT188089688,701877201002,BH-KKX-MUSTARD-XL,100000000125923974,62114210,Thu Jul 31 15:30:20 IST 2025,RETURN_CANCELLED,0,744422312,DELHIVERY,195042398514155,Shipment Cancelled,,,,Not Processed,0.0,,,,RVP,,Does_Not_Look_Good_On_Me,,,,,,,,,,,,,,1081967561,FN4157601399,5118929744,Thu Jul 24 00:00:00 IST 2025,AJ261380,2025-07-24,592.32,DELHIVERY,195042376673632,2632.0,BHARVITA,FnL_SHIP,S779,DV00342231,EASY SELL SERVICE PRIVATE LIMITED
RT188097475,701884635003,ZX--Pink-2XL,100000000125968989,62114210,Thu Jul 31 15:12:33 IST 2025,RETURN_DELIVERED,1,744419633,SHADOWFAX,R1344711581AJI,Return Delivered,Tue Aug 12 15:00:53 IST 2025,5120350848,Fri Aug 01 00:00:00 IST 2025,Processed,820.59,,,,RVP,1021317002,Does_Not_Fit_Well,28172785,Tue Aug 12 18:21:35 IST 2025,,592.32,564.12,28.2,14.1,2.5,0.0,0.0,14.1,2.5,NEW,1082528495,FN8197601644,5119270877,Sat Jul 26 00:00:00 IST 2025,AJ2613132,2025-07-26,592.32,SHADOWFAX,SF1830175463AJI,2632.0,BHARVITA,FnL_SHIP,S779,DV00342231,EASY SELL SERVICE PRIVATE LIMITED
RT188079879,701884635004,ZX--Pink-3XL,100000000125970873,62114210,Thu Jul 31 14:40:07 IST 2025,RETURN_DELIVERED,1,744414236,SHADOWFAX,R1348779011AJI,Return Delivered,Fri Aug 08 13:16:33 IST 2025,5120385807,Fri Aug 01 00:00:00 IST 2025,Processed,804.34,,,,RVP,1021317055,Not_Happy_With_Product_Quality,27969721,Fri Aug 08 18:15:20 IST 2025,,592.32,564.12,28.2,14.1,2.5,0.0,0.0,14.1,2.5,NEW,1083036607,FN7498602071,5119521924,Sun Jul 27 00:00:00 IST 2025,AJ2613250,2025-07-28,592.32,XPRESSBEES,13670526695337,2632.0,BHARVITA,FnL_SHIP,S779,DV00342231,EASY SELL SERVICE PRIVATE LIMITED
RT188098304,701884635003,ZX--Pink-2XL,100000000125968989,62114210,Thu Jul 31 14:17:50 IST 2025,RETURN_CANCELLED,0,744411761,DELHIVERY,195042398402052,Shipment Cancelled,,5121235997,Thu Aug 07 00:00:00 IST 2025,Not Processed,0.0,,,,RVP,,Not_Happy_With_Product_Quality,,,,,,,,,,,,,,1082939214,FN2825505875,5119521864,Sun Jul 27 00:00:00 IST 2025,AJ2613176,2025-07-28,592.32,XPRESSBEES,13670526662747,2632.0,BHARVITA,FnL_SHIP,S779,DV00342231,EASY SELL SERVICE PRIVATE LIMITED
RT188096405,701884635003,ZX--Pink-2XL,100000000125968989,62114210,Thu Jul 31 14:11:26 IST 2025,RETURN_CANCELLED,0,744410722,SHADOWFAX,R1346047799AJI,Shipment Attempted - QC Failed,,,,Not Processed,0.0,,,,RVP,,Does_Not_Look_Good_On_Me,,,,,,,,,,,,,,1082883467,FN1278609619,5119521847,Sun Jul 27 00:00:00 IST 2025,AJ2613224,2025-07-28,592.32,SHADOWFAX,SF1830257305AJI,2632.0,BHARVITA,FnL_SHIP,S779,DV00342231,EASY SELL SERVICE PRIVATE LIMITED
RT188113042,701884635002,ZX--Pink-L,100000000125968944,62114210,Thu Jul 31 13:59:54 IST 2025,RETURN_CREATED,1,744408934,XPRESSBEES,13670526505647,,,5120248506,Thu Jul 31 00:00:00 IST 2025,Processed,921.0,,,,RTO,1021129848,Refuse_To_Accept,,,,,,,,,,,,,,1082363460,FN0649208278,5119101850,Fri Jul 25 00:00:00 IST 2025,AJ2613125,2025-07-25,592.32,XPRESSBEES,13670526505647,2632.0,BHARVITA,FnL_SHIP,S779,DV00342231,EASY SELL SERVICE PRIVATE LIMITED
RT188111740,701884635003,ZX--Pink-2XL,100000000125968989,62114210,Thu Jul 31 13:57:08 IST 2025,RETURN_CREATED,1,744408425,XPRESSBEES,13670526412526,,,,,Not Processed,0.0,,,,RTO,,Refuse_To_Accept,,,,,,,,,,,,,,1082008189,FN3497605724,5118929743,Thu Jul 24 00:00:00 IST 2025,AJ261384,2025-07-24,592.32,XPRESSBEES,13670526412526,2632.0,BHARVITA,FnL_SHIP,S779,DV00342231,EASY SELL SERVICE PRIVATE LIMITED
RT188102161,701884635002,ZX--Pink-L,100000000125968944,62114210,Thu Jul 31 13:55:32 IST 2025,RETURN_CANCELLED,0,744408149,SHADOWFAX,R1348796604AJI,Shipment Attempted - QC Failed,,,,Not Processed,0.0,,,,RVP,,Size_Is_Smaller_Than_Expected,,,,,,,,,,,,,,1082263826,FN8421605116,5119101841,Fri Jul 25 00:00:00 IST 2025,AJ2613117,2025-07-25,592.32,XPRESSBEES,13670526481436,2632.0,BHARVITA,FnL_SHIP,S779,DV00342231,EASY SELL SERVICE PRIVATE LIMITED
RT188067941,701884635003,ZX--Pink-2XL,100000000125968989,62114210,Thu Jul 31 11:37:50 IST 2025,RETURN_DELIVERED,1,744396684,DELHIVERY,195042398277290,Return Delivered,Mon Aug 11 18:54:31 IST 2025,5120244947,Thu Jul 31 00:00:00 IST 2025,Processed,644.7,,,,RVP,1021129845,Not_Happy_With_Product_Quality,28172776,Tue Aug 12 18:21:30 IST 2025,,592.32,564.12,28.2,14.1,2.5,0.0,0.0,14.1,2.5,NEW,1081486362,FN1198605768,5118512120,Mon Jul 21 00:00:00 IST 2025,AJ261351,2025-07-22,592.32,DELHIVERY,195042375135441,2632.0,BHARVITA,FnL_SHIP,S779,DV00342231,EASY SELL SERVICE PRIVATE LIMITED
RT188073643,701884635003,ZX--Pink-2XL,100000000125968989,62114210,Thu Jul 31 11:02:52 IST 2025,RETURN_DELIVERED,1,744395166,SHADOWFAX,R1348788540AJI,Return Delivered,Thu Aug 07 13:34:53 IST 2025,5120209683,Thu Jul 31 00:00:00 IST 2025,Processed,920.26,,,,RVP,1021129800,Not_Happy_With_Product_Quality,27969725,Fri Aug 08 18:15:22 IST 2025,,592.32,564.12,28.2,14.1,2.5,0.0,0.0,14.1,2.5,NEW,1083086102,FN8112609134,5119521944,Sun Jul 27 00:00:00 IST 2025,AJ2613274,2025-07-28,592.32,XPRESSBEES,13670526711673,2632.0,BHARVITA,FnL_SHIP,S779,DV00342231,EASY SELL SERVICE PRIVATE LIMITED
RT188076315,701877201004,BH-KKX-MUSTARD-S,100000000125934965,62114210,Thu Jul 31 09:15:17 IST 2025,RETURN_DELIVERED,1,744389797,DELHIVERY,195042398160132,Return Delivered,Mon Aug 11 18:54:31 IST 2025,5120384422,Fri Aug 01 00:00:00 IST 2025,Processed,920.27,,,,RVP,1021317051,Did_Not_Like_The_Product,28172794,Tue Aug 12 18:21:35 IST 2025,,592.32,564.12,28.2,14.1,2.5,0.0,0.0,14.1,2.5,NEW,1082509635,FN0988606664,5119270870,Sat Jul 26 00:00:00 IST 2025,AJ2613153,2025-07-26,592.32,XPRESSBEES,13670526545617,2632.0,BHARVITA,FnL_SHIP,S779,DV00342231,EASY SELL SERVICE PRIVATE LIMITED
RT188073478,701877201004,BH-KKX-MUSTARD-S,100000000125934965,62114210,Thu Jul 31 08:25:50 IST 2025,RETURN_DELIVERED,1,744433206,DELHIVERY,4884661859286,Return Delivered,Wed Aug 13 17:11:40 IST 2025,5120562402,Sat Aug 02 00:00:00 IST 2025,Processed,794.27,,,,RVP,1021487106,Different_Product_Delivered,28300865,Thu Aug 14 18:18:25 IST 2025,,592.32,564.12,28.2,14.1,2.5,0.0,0.0,14.1,2.5,NEW,1080866645,FN7978602870,5118321290,Sun Jul 20 00:00:00 IST 2025,AJ261319,2025-07-21,592.32,SHADOWFAX,SF1806334123AJI,2632.0,BHARVITA,FnL_SHIP,S779,DV00342231,EASY SELL SERVICE PRIVATE LIMITED
RT188053745,701884635004,ZX--Pink-3XL,100000000125970873,62114210,Thu Jul 31 00:07:28 IST 2025,RETURN_DELIVERED,1,744384565,DELHIVERY,195042398043151,Return Delivered,Fri Aug 08 17:00:39 IST 2025,5120230823,Thu Jul 31 00:00:00 IST 2025,Processed,921.0,,,,RVP,1021129826,Size_Is_Larger_than_Expected,28040791,Sun Aug 10 18:29:04 IST 2025,,592.32,564.12,28.2,14.1,2.5,0.0,0.0,14.1,2.5,NEW,1083203440,FN3736604560,5119600799,Mon Jul 28 00:00:00 IST 2025,AJ2613375,2025-07-28,592.32,DELHIVERY,195042380815705,2632.0,BHARVITA,FnL_SHIP,S779,DV00342231,EASY SELL SERVICE PRIVATE LIMITED
RT188065456,701884635001,ZX--Pink-XL,100000000125968941,62114210,Wed Jul 30 22:35:08 IST 2025,RETURN_DELIVERED,1,744380566,DELHIVERY,195042397929456,Return Delivered,Wed Aug 06 15:01:29 IST 2025,5120231276,Thu Jul 31 00:00:00 IST 2025,Processed,644.7,,,,RVP,1021129809,Not_Happy_With_Product_Quality,27875122,Thu Aug 07 12:14:38 IST 2025,,592.32,564.12,28.2,14.1,2.5,0.0,0.0,14.1,2.5,NEW,1082859560,FN0809604209,5119521851,Sun Jul 27 00:00:00 IST 2025,AJ2613193,2025-07-28,592.32,SHADOWFAX,SF1830252164AJI,2632.0,BHARVITA,FnL_SHIP,S779,DV00342231,EASY SELL SERVICE PRIVATE LIMITED
RT188066221,701884635002,ZX--Pink-L,100000000125968944,62114210,Wed Jul 30 21:49:10 IST 2025,RETURN_CANCELLED,0,744637159,DELHIVERY,4884661907192,Shipment Cancelled,,,,Not Processed,0.0,,,,RVP,,Product_Not_As_Displayed_On_Website,,,,,,,,,,,,,,1082706426,FN5509606247,5119599021,Mon Jul 28 00:00:00 IST 2025,AJ2613323,2025-07-28,592.32,XPRESSBEES,13670526598496,2632.0,BHARVITA,FnL_SHIP,S779,DV00342231,EASY SELL SERVICE PRIVATE LIMITED
RT188042767,701884635005,ZX--Pink-M,100000000125971914,62114210,Wed Jul 30 21:31:14 IST 2025,RETURN_DELIVERED,1,744376390,SHADOWFAX,R1348781942AJI,Return Delivered,Tue Aug 12 15:00:53 IST 2025,5120385806,Fri Aug 01 00:00:00 IST 2025,Processed,920.0,,,,RVP,1021317053,Does_Not_Look_Good_On_Me,28172828,Tue Aug 12 18:21:44 IST 2025,,592.32,564.12,28.2,14.1,2.5,0.0,0.0,14.1,2.5,NEW,1083029521,FN7368605099,5119522552,Sun Jul 27 00:00:00 IST 2025,AJ2613213,2025-07-28,592.32,XPRESSBEES,13670526693275,2632.0,BHARVITA,FnL_SHIP,S779,DV00342231,EASY SELL SERVICE PRIVATE LIMITED
RT188036757,701884635001,ZX--Pink-XL,100000000125968941,62114210,Wed Jul 30 21:02:17 IST 2025,RETURN_DELIVERED,1,744374188,SHADOWFAX,R1344694198AJI,Return Delivered,Tue Aug 12 15:00:53 IST 2025,5120407513,Fri Aug 01 00:00:00 IST 2025,Processed,920.4,,,,RVP,1021317107,Not_Happy_With_Product_Quality,28172793,Tue Aug 12 18:21:34 IST 2025,,592.32,564.12,28.2,14.1,2.5,0.0,0.0,14.1,2.5,NEW,1082449038,FN0364601819,5119101859,Fri Jul 25 00:00:00 IST 2025,AJ2613106,2025-07-25,592.32,SHADOWFAX,SF1830154378AJI,2632.0,BHARVITA,FnL_SHIP,S779,DV00342231,EASY SELL SERVICE PRIVATE LIMITED
RT188057415,701884635005,ZX--Pink-M,100000000125971914,62114210,Wed Jul 30 20:55:50 IST 2025,RETURN_CREATED,1,744373798,SHADOWFAX,R1348796614AJI,Return Intransit,,5120387049,Fri Aug 01 00:00:00 IST 2025,Processed,920.25,,,,RVP,1021317054,Want_To_Change_Style_Color,,,,,,,,,,,,,,1083020515,FN7058607268,5119522545,Sun Jul 27 00:00:00 IST 2025,AJ2613190,2025-07-28,592.32,XPRESSBEES,13670526690480,2632.0,BHARVITA,FnL_SHIP,S779,DV00342231,EASY SELL SERVICE PRIVATE LIMITED
RT188064223,701884635005,ZX--Pink-M,100000000125971914,62114210,Wed Jul 30 20:47:34 IST 2025,RETURN_DELIVERED,1,744373034,XPRESSBEES,23670523174895,Return Delivered,Mon Aug 11 15:35:59 IST 2025,5120888402,Mon Aug 04 00:00:00 IST 2025,Processed,920.0,,,,RVP,1021845016,Not_Happy_With_Product_Quality,,,,,,,,,,,,,,1082915292,FN1825606912,5119521863,Sun Jul 27 00:00:00 IST 2025,AJ2613238,2025-07-28,592.32,XPRESSBEES,13670526656639,2632.0,BHARVITA,FnL_SHIP,S779,DV00342231,EASY SELL SERVICE PRIVATE LIMITED
RT188028560,701884635005,ZX--Pink-M,100000000125971914,62114210,Wed Jul 30 19:34:17 IST 2025,RETURN_DELIVERED,1,744365178,SHADOWFAX,R1347521897AJI,Return Delivered,Wed Aug 06 13:21:33 IST 2025,5120246684,Thu Jul 31 00:00:00 IST 2025,Processed,921.0,,,,RVP,1021129861,Not_Happy_With_Product_Quality,27875129,Thu Aug 07 12:14:39 IST 2025,,592.32,564.12,28.2,14.1,2.5,0.0,0.0,14.1,2.5,NEW,1083036255,FN8119606129,5119521925,Sun Jul 27 00:00:00 IST 2025,AJ2613247,2025-07-28,592.32,DELHIVERY,195042380277033,2632.0,BHARVITA,FnL_SHIP,S779,DV00342231,EASY SELL SERVICE PRIVATE LIMITED
RT188054219,701884635003,ZX--Pink-2XL,100000000125968989,62114210,Wed Jul 30 19:01:22 IST 2025,,0,,,,,,,,Not Processed,0.0,,,,RVP,,Product_Not_As_Displayed_On_Website,,,,,,,,,,,,,,,FN3409603798,5119270868,Sat Jul 26 00:00:00 IST 2025,AJ2613149,2025-07-26,592.32,XPRESSBEES,13670526543594,2632.0,BHARVITA,FnL_SHIP,S779,DV00342231,EASY SELL SERVICE PRIVATE LIMITED
RT188043352,701877201002,BH-KKX-MUSTARD-XL,100000000125923974,62114210,Wed Jul 30 18:46:47 IST 2025,RETURN_DELIVERED,1,744360649,SHADOWFAX,R1347509984AJI,Return Delivered,Fri Aug 08 13:16:33 IST 2025,5120230822,Thu Jul 31 00:00:00 IST 2025,Processed,920.0,,,,RVP,1021129806,Did_Not_Like_The_Product,27969678,Fri Aug 08 18:15:12 IST 2025,,592.32,564.12,28.2,14.1,2.5,0.0,0.0,14.1,2.5,NEW,1081010210,FN3668601866,5118321327,Sun Jul 20 00:00:00 IST 2025,AJ261327,2025-07-21,592.32,SHADOWFAX,SF1806372468AJI,2632.0,BHARVITA,FnL_SHIP,S779,DV00342231,EASY SELL SERVICE PRIVATE LIMITED
RT188025379,701884635001,ZX--Pink-XL,100000000125968941,62114210,Wed Jul 30 17:39:54 IST 2025,RETURN_DELIVERED,1,744355220,DELHIVERY,195042397771606,Return Delivered,Fri Aug 08 17:00:39 IST 2025,5120407512,Fri Aug 01 00:00:00 IST 2025,Processed,782.85,,,,RVP,1021317059,Does_Not_Look_Good_On_Me,28040714,Sun Aug 10 18:29:01 IST 2025,,592.32,564.12,28.2,14.1,2.5,0.0,0.0,14.1,2.5,NEW,1082455898,FN2409601431,5119270864,Sat Jul 26 00:00:00 IST 2025,AJ2613133,2025-07-26,592.32,DELHIVERY,195042378235590,2632.0,BHARVITA,FnL_SHIP,S779,DV00342231,EASY SELL SERVICE PRIVATE LIMITED
RT188008869,701877201001,BH-KKX-MUSTARD-M,100000000125923967,62114210,Wed Jul 30 17:17:07 IST 2025,RETURN_DELIVERED,1,744353594,SHADOWFAX,R1347523083AJI,Return Delivered,Wed Aug 13 13:49:01 IST 2025,5120174498,Thu Jul 31 00:00:00 IST 2025,Processed,644.7,,,,RVP,1021129767,Does_Not_Look_Good_On_Me,28300853,Thu Aug 14 18:18:26 IST 2025,,592.32,564.12,28.2,14.1,2.5,0.0,0.0,14.1,2.5,NEW,1082092167,FN5998608155,5119101840,Fri Jul 25 00:00:00 IST 2025,AJ261391,2025-07-25,592.32,SHADOWFAX,SF1830073203AJI,2632.0,BHARVITA,FnL_SHIP,S779,DV00342231,EASY SELL SERVICE PRIVATE LIMITED
RT188027201,701884635004,ZX--Pink-3XL,100000000125970873,62114210,Wed Jul 30 16:33:28 IST 2025,RETURN_DELIVERED,1,744349439,XPRESSBEES,23670523171412,Return Delivered,Fri Aug 08 14:30:59 IST 2025,5120052436,Wed Jul 30 00:00:00 IST 2025,Processed,782.85,,,,RVP,1020937208,Not_Happy_With_Product_Quality,27969724,Fri Aug 08 18:15:22 IST 2025,,592.32,564.12,28.2,14.1,2.5,0.0,0.0,14.1,2.5,NEW,1083078735,FN0185609763,5119521959,Sun Jul 27 00:00:00 IST 2025,AJ2613204,2025-07-28,592.32,XPRESSBEES,13670526709275,2632.0,BHARVITA,FnL_SHIP,S779,DV00342231,EASY SELL SERVICE PRIVATE LIMITED
RT187993956,701884635004,ZX--Pink-3XL,100000000125970873,62114210,Wed Jul 30 15:05:45 IST 2025,RETURN_DELIVERED,1,744339458,SHADOWFAX,R1346041664AJI,Return Delivered,Wed Aug 06 13:21:33 IST 2025,5120210513,Thu Jul 31 00:00:00 IST 2025,Processed,920.64,,,,RVP,1021129802,Does_Not_Look_Good_On_Me,27875121,Thu Aug 07 12:14:37 IST 2025,,592.32,564.12,28.2,14.1,2.5,0.0,0.0,14.1,2.5,NEW,1082853639,FN6198604035,5119521844,Sun Jul 27 00:00:00 IST 2025,AJ2613180,2025-07-28,592.32,DELHIVERY,195042379641971,2632.0,BHARVITA,FnL_SHIP,S779,DV00342231,EASY SELL SERVICE PRIVATE LIMITED
RT188010613,701884635003,ZX--Pink-2XL,100000000125968989,62114210,Wed Jul 30 15:02:20 IST 2025,,0,,,,,,,,Not Processed,0.0,,,,RVP,,Size_Smaller_Than_Expected,,,,,,,,,,,,,,,FN4009607527,5119101830,Fri Jul 25 00:00:00 IST 2025,AJ2613100,2025-07-25,592.32,XPRESSBEES,13670526453066,2632.0,BHARVITA,FnL_SHIP,S779,DV00342231,EASY SELL SERVICE PRIVATE LIMITED
RT187996615,701884635005,ZX--Pink-M,100000000125971914,62114210,Wed Jul 30 12:34:59 IST 2025,RETURN_CANCELLED,0,744327790,DELHIVERY,195042397524952,Shipment Attempted,,5122936994,Tue Aug 19 00:00:00 IST 2025,Not Processed,0.0,,,,RVP,,Not_Happy_With_Product_Quality,,,,,,,,,,,,,,1082268619,FN8267602759,5119101833,Fri Jul 25 00:00:00 IST 2025,AJ261387,2025-07-25,592.32,XPRESSBEES,13670526482758,2632.0,BHARVITA,FnL_SHIP,S779,DV00342231,EASY SELL SERVICE PRIVATE LIMITED
RT187987952,701884635004,ZX--Pink-3XL,100000000125970873,62114210,Wed Jul 30 12:30:21 IST 2025,RETURN_DELIVERED,1,744327568,DELHIVERY,195042397524134,Return Delivered,Wed Aug 06 15:01:29 IST 2025,5120064177,Wed Jul 30 00:00:00 IST 2025,Processed,644.7,,,,RVP,1020937291,Does_Not_Fit_Well,27875106,Thu Aug 07 12:14:36 IST 2025,,592.32,564.12,28.2,14.1,2.5,0.0,0.0,14.1,2.5,NEW,1082596803,FN2566605864,5119598999,Mon Jul 28 00:00:00 IST 2025,AJ2613295,2025-07-28,592.32,XPRESSBEES,13670526569302,2632.0,BHARVITA,FnL_SHIP,S779,DV00342231,EASY SELL SERVICE PRIVATE LIMITED
RT187995516,701877201005,BH-KKX-MUSTARD-L,100000000125935795,62114210,Wed Jul 30 11:45:44 IST 2025,RETURN_CANCELLED,0,744325117,DELHIVERY,195042397417432,Shipment Cancelled,,5122657186,Sun Aug 17 00:00:00 IST 2025,Not Processed,0.0,,,,RVP,,Does_Not_Look_Good_On_Me,,,,,,,,,,,,,,1081905395,FN7598604725,5118929738,Thu Jul 24 00:00:00 IST 2025,AJ261373,2025-07-24,592.32,SHADOWFAX,SF1830025600AJI,2632.0,BHARVITA,FnL_SHIP,S779,DV00342231,EASY SELL SERVICE PRIVATE LIMITED
RT188004339,701877201003,BH-KKX-MUSTARD-3XL,100000000125926333,62114210,Wed Jul 30 11:43:28 IST 2025,RETURN_DELIVERED,1,744324898,XPRESSBEES,23670523168108,Return Delivered,Fri Aug 08 14:30:59 IST 2025,5120522556,Sat Aug 02 00:00:00 IST 2025,Processed,644.7,,,,RVP,1021487000,Did_Not_Like_The_Product,27969707,Fri Aug 08 18:15:16 IST 2025,,592.32,564.12,28.2,14.1,2.5,0.0,0.0,14.1,2.5,NEW,1081855248,FN4498605207,5118929735,Thu Jul 24 00:00:00 IST 2025,AJ261365,2025-07-24,592.32,SHADOWFAX,SF1830015775AJI,2632.0,BHARVITA,FnL_SHIP,S779,DV00342231,EASY SELL SERVICE PRIVATE LIMITED
RT188012150,701884635005,ZX--Pink-M,100000000125971914,62114210,Wed Jul 30 11:30:16 IST 2025,RETURN_DELIVERED,1,744324318,SHADOWFAX,R1346046996AJI,Return Delivered,Fri Aug 08 13:16:33 IST 2025,5120248036,Thu Jul 31 00:00:00 IST 2025,Processed,921.0,,,,RVP,1021129871,Not_Happy_With_Product_Quality,27969727,Fri Aug 08 18:15:15 IST 2025,,592.32,564.12,28.2,14.1,2.5,0.0,0.0,14.1,2.5,NEW,1081818368,FN6658607498,5118929733,Thu Jul 24 00:00:00 IST 2025,AJ261362,2025-07-24,592.32,SHADOWFAX,SF1830009088AJI,2632.0,BHARVITA,FnL_SHIP,S779,DV00342231,EASY SELL SERVICE PRIVATE LIMITED
RT188008084,701884635003,ZX--Pink-2XL,100000000125968989,62114210,Wed Jul 30 10:02:30 IST 2025,RETURN_DELIVERED,1,744368422,XPRESSBEES,23670523174159,Return Delivered,Fri Aug 08 14:30:59 IST 2025,5120263563,Thu Jul 31 00:00:00 IST 2025,Processed,921.0,,,,RVP,1021129879,Different_Product_Delivered,27969695,Fri Aug 08 18:15:12 IST 2025,,592.32,564.12,28.2,14.1,2.5,0.0,0.0,14.1,2.5,NEW,1081068817,FN8528606239,5118321322,Sun Jul 20 00:00:00 IST 2025,AJ261332,2025-07-21,592.32,XPRESSBEES,13670526160866,2632.0,BHARVITA,FnL_SHIP,S779,DV00342231,EASY SELL SERVICE PRIVATE LIMITED
RT188003116,701884635003,ZX--Pink-2XL,100000000125968989,62114210,Wed Jul 30 09:24:54 IST 2025,RETURN_CANCELLED,0,744318415,DELHIVERY,195042397300963,Shipment Cancelled,,5121363890,Thu Aug 07 00:00:00 IST 2025,Not Processed,0.0,,,,RVP,,Does_Not_Look_Good_On_Me,,,,,,,,,,,,,,1082242851,FN3898609126,5119101832,Fri Jul 25 00:00:00 IST 2025,AJ2613114,2025-07-25,592.32,DELHIVERY,195042377613452,2632.0,BHARVITA,FnL_SHIP,S779,DV00342231,EASY SELL SERVICE PRIVATE LIMITED
RT187998219,701884635004,ZX--Pink-3XL,100000000125970873,62114210,Wed Jul 30 08:49:57 IST 2025,RETURN_DELIVERED,1,744317556,SHADOWFAX,R1343270015AJI,Return Delivered,Wed Aug 06 13:21:33 IST 2025,5120053386,Wed Jul 30 00:00:00 IST 2025,Processed,800.2,,,,RVP,1020937206,Not_Happy_With_Product_Quality,27875118,Thu Aug 07 12:14:35 IST 2025,,592.32,564.12,28.2,14.1,2.5,0.0,0.0,14.1,2.5,NEW,1082331754,FN1425607320,5119101856,Fri Jul 25 00:00:00 IST 2025,AJ2613120,2025-07-25,592.32,SHADOWFAX,SF1830129800AJI,2632.0,BHARVITA,FnL_SHIP,S779,DV00342231,EASY SELL SERVICE PRIVATE LIMITED
RT187976614,701884635004,ZX--Pink-3XL,100000000125970873,62114210,Tue Jul 29 22:25:14 IST 2025,RETURN_CANCELLED,0,744308194,SHADOWFAX,R1347531021AJI,Shipment Attempted - QC Failed,,5120618011,Sat Aug 02 00:00:00 IST 2025,Not Processed,0.0,,,,RVP,,Color_Faded_Washed_Out,,,,,,,,,,,,,,1082457851,FN6698606928,5119270867,Sat Jul 26 00:00:00 IST 2025,AJ2613135,2025-07-26,592.32,XPRESSBEES,13670526529189,2632.0,BHARVITA,FnL_SHIP,S779,DV00342231,EASY SELL SERVICE PRIVATE LIMITED
RT187976525,701885023001,BH-VEL-BLACK-L,100000000125970864,62114210,Tue Jul 29 21:40:30 IST 2025,RETURN_DELIVERED,1,744323740,DELHIVERY,4884661835943,Return Delivered,Mon Aug 11 18:54:31 IST 2025,5120769160,Mon Aug 04 00:00:00 IST 2025,Processed,1250.93,,,,RVP,1021614189,Different_Product_Delivered,28172731,Tue Aug 12 18:21:29 IST 2025,,829.77,790.25,39.52,19.76,2.5,0.0,0.0,19.76,2.5,NEW,1080999114,FN0828607059,5118321330,Sun Jul 20 00:00:00 IST 2025,AJ261325,2025-07-21,829.77,SHADOWFAX,SF1806370209AJI,4084.0,BHARVITA,FnL_SHIP,S779,DV00342231,EASY SELL SERVICE PRIVATE LIMITED
RT187951905,701877201002,BH-KKX-MUSTARD-XL,100000000125923974,62114210,Tue Jul 29 21:30:25 IST 2025,RETURN_DELIVERED,1,744323735,DELHIVERY,4884661835103,Return Delivered,Fri Aug 08 17:00:39 IST 2025,5120062322,Wed Jul 30 00:00:00 IST 2025,Processed,921.0,,,,RVP,1020937292,Different_Product_Delivered,28040786,Sun Aug 10 18:28:59 IST 2025,,592.32,564.12,28.2,14.1,2.5,0.0,0.0,14.1,2.5,NEW,1081466345,FN9897603368,5118512118,Mon Jul 21 00:00:00 IST 2025,AJ261349,2025-07-22,592.32,DELHIVERY,195042375061705,2632.0,BHARVITA,FnL_SHIP,S779,DV00342231,EASY SELL SERVICE PRIVATE LIMITED
RT187987011,701884635001,ZX--Pink-XL,100000000125968941,62114210,Tue Jul 29 20:52:51 IST 2025,RETURN_CREATED,1,744746930,DELHIVERY,195042382299974,Return Intransit,,,,Not Processed,0.0,,,,RVP,,Size_Smaller_Than_Expected,,,,,,,,,,,,,,1082460946,FN8460201683,5119270865,Sat Jul 26 00:00:00 IST 2025,AJ2613137,2025-07-26,592.32,SHADOWFAX,SF1830157550AJI,2632.0,BHARVITA,FnL_SHIP,S779,DV00342231,EASY SELL SERVICE PRIVATE LIMITED
RT187973248,701884635005,ZX--Pink-M,100000000125971914,62114210,Tue Jul 29 19:21:01 IST 2025,RETURN_DELIVERED,1,744291927,DELHIVERY,195042397030995,Return Delivered,Fri Aug 08 17:00:39 IST 2025,5120052435,Wed Jul 30 00:00:00 IST 2025,Processed,795.48,,,,RVP,1020937207,Not_Happy_With_Product_Quality,28040713,Sun Aug 10 18:29:00 IST 2025,,592.32,564.12,28.2,14.1,2.5,0.0,0.0,14.1,2.5,NEW,1082329092,FN9578607614,5119101852,Fri Jul 25 00:00:00 IST 2025,AJ2613119,2025-07-25,592.32,SHADOWFAX,SF1830129307AJI,2632.0,BHARVITA,FnL_SHIP,S779,DV00342231,EASY SELL SERVICE PRIVATE LIMITED
RT187923986,701884635001,ZX--Pink-XL,100000000125968941,62114210,Tue Jul 29 19:08:15 IST 2025,RETURN_DELIVERED,1,744290563,SHADOWFAX,R1346028392AJI,Return Delivered,Tue Aug 12 15:00:53 IST 2025,5120350367,Fri Aug 01 00:00:00 IST 2025,Processed,793.15,,,,RVP,1021317000,Size_Is_Smaller_Than_Expected,28172770,Tue Aug 12 18:21:31 IST 2025,,592.32,564.12,28.2,14.1,2.5,0.0,0.0,14.1,2.5,NEW,1082039427,FN9139508107,5118929752,Thu Jul 24 00:00:00 IST 2025,AJ261366,2025-07-24,592.32,XPRESSBEES,13670526421356,2632.0,BHARVITA,FnL_SHIP,S779,DV00342231,EASY SELL SERVICE PRIVATE LIMITED
RT187973035,701884635001,ZX--Pink-XL,100000000125968941,62114210,Tue Jul 29 17:50:46 IST 2025,RETURN_DELIVERED,1,744282703,DELHIVERY,195042396912382,Return Delivered,Wed Aug 06 15:01:29 IST 2025,5120052956,Wed Jul 30 00:00:00 IST 2025,Processed,823.13,,,,RVP,1020937209,Does_Not_Look_Good_On_Me,27875114,Thu Aug 07 12:14:33 IST 2025,,592.32,564.12,28.2,14.1,2.5,0.0,0.0,14.1,2.5,NEW,1082057647,FN8557600667,5119101815,Fri Jul 25 00:00:00 IST 2025,AJ261386,2025-07-25,592.32,XPRESSBEES,13670526425841,2632.0,BHARVITA,FnL_SHIP,S779,DV00342231,EASY SELL SERVICE PRIVATE LIMITED
RT187966121,701884635001,ZX--Pink-XL,100000000125968941,62114210,Tue Jul 29 17:33:38 IST 2025,RETURN_DELIVERED,1,744281570,XPRESSBEES,23670523160202,Return Delivered,Thu Aug 07 14:45:59 IST 2025,5119977253,Wed Jul 30 00:00:00 IST 2025,Processed,920.4,,,,RVP,1020937204,Does_Not_Look_Good_On_Me,,,,,,,,,,,,,,1082258953,FN1258600577,5119101835,Fri Jul 25 00:00:00 IST 2025,AJ2613116,2025-07-25,592.32,XPRESSBEES,13670526479868,2632.0,BHARVITA,FnL_SHIP,S779,DV00342231,EASY SELL SERVICE PRIVATE LIMITED
RT187922798,701877201005,BH-KKX-MUSTARD-L,100000000125935795,62114210,Tue Jul 29 16:52:41 IST 2025,RETURN_DELIVERED,1,744278627,SHADOWFAX,R1346035456AJI,Return Delivered,Thu Aug 07 13:34:52 IST 2025,5119958726,Wed Jul 30 00:00:00 IST 2025,Processed,644.7,,,,RVP,1020937099,Does_Not_Look_Good_On_Me,27969706,Fri Aug 08 18:15:15 IST 2025,,592.32,564.12,28.2,14.1,2.5,0.0,0.0,14.1,2.5,NEW,1081615282,FN0398603388,5118613628,Tue Jul 22 00:00:00 IST 2025,AJ261355,2025-07-22,592.32,XPRESSBEES,13670526302898,2632.0,BHARVITA,FnL_SHIP,S779,DV00342231,EASY SELL SERVICE PRIVATE LIMITED
RT187945103,701877201004,BH-KKX-MUSTARD-S,100000000125934965,62114210,Tue Jul 29 14:50:23 IST 2025,RETURN_DELIVERED,1,744568814,SHADOWFAX,R1352404235AJI,Return Delivered,Fri Aug 15 13:59:48 IST 2025,,,Not Processed,0.0,,,,RVP,,Different_Product_Delivered,,,,,,,,,,,,,,1082269520,FN7406607650,5119101824,Fri Jul 25 00:00:00 IST 2025,AJ261398,2025-07-25,592.32,SHADOWFAX,SF1830116658AJI,2632.0,BHARVITA,FnL_SHIP,S779,DV00342231,EASY SELL SERVICE PRIVATE LIMITED
RT187903813,701884635004,ZX--Pink-3XL,100000000125970873,62114210,Tue Jul 29 14:31:53 IST 2025,RETURN_DELIVERED,1,744264786,XPRESSBEES,23670523158151,Return Delivered,Tue Aug 12 15:55:59 IST 2025,5120366780,Fri Aug 01 00:00:00 IST 2025,Processed,921.0,,,,RVP,1021317050,Size_Is_Smaller_Than_Expected,28172784,Tue Aug 12 18:21:34 IST 2025,,592.32,564.12,28.2,14.1,2.5,0.0,0.0,14.1,2.5,NEW,1082479401,FN3668604585,5119270861,Sat Jul 26 00:00:00 IST 2025,AJ2613144,2025-07-26,592.32,XPRESSBEES,13670526535752,2632.0,BHARVITA,FnL_SHIP,S779,DV00342231,EASY SELL SERVICE PRIVATE LIMITED
RT187942043,701877201003,BH-KKX-MUSTARD-3XL,100000000125926333,62114210,Tue Jul 29 13:49:47 IST 2025,RETURN_CREATED,1,744258308,XPRESSBEES,13670526151994,,,,,Not Processed,0.0,,,,RTO,,Refuse_To_Accept,,,,,,,,,,,,,,1081024997,FN2176603531,5118321326,Sun Jul 20 00:00:00 IST 2025,AJ261329,2025-07-21,592.32,XPRESSBEES,13670526151994,2632.0,BHARVITA,FnL_SHIP,S779,DV00342231,EASY SELL SERVICE PRIVATE LIMITED
RT187904716,701884635001,ZX--Pink-XL,100000000125968941,62114210,Tue Jul 29 13:43:36 IST 2025,RETURN_DELIVERED,1,744257086,XPRESSBEES,23670523157558,Return Delivered,Thu Aug 07 14:45:59 IST 2025,5119978117,Wed Jul 30 00:00:00 IST 2025,Processed,656.5,,,,RVP,1020937203,Size_Is_Smaller_Than_Expected,,,,,,,,,,,,,,1082454643,FN0109608708,5119270857,Sat Jul 26 00:00:00 IST 2025,AJ2613131,2025-07-26,592.32,SHADOWFAX,SF1830156002AJI,2632.0,BHARVITA,FnL_SHIP,S779,DV00342231,EASY SELL SERVICE PRIVATE LIMITED
RT187921392,701884635005,ZX--Pink-M,100000000125971914,62114210,Tue Jul 29 13:33:32 IST 2025,RETURN_CREATED,1,744255166,SHADOWFAX,R1346050794AJI,Return Intransit,,5119978115,Wed Jul 30 00:00:00 IST 2025,Processed,921.0,,,,RVP,1020937200,Not_Happy_With_Product_Quality,,,,,,,,,,,,,,1082471018,FN7298604554,5119270863,Sat Jul 26 00:00:00 IST 2025,AJ2613142,2025-07-26,592.32,XPRESSBEES,13670526532992,2632.0,BHARVITA,FnL_SHIP,S779,DV00342231,EASY SELL SERVICE PRIVATE LIMITED
RT187921390,701877201001,BH-KKX-MUSTARD-M,100000000125923967,62114210,Tue Jul 29 13:32:11 IST 2025,RETURN_DELIVERED,1,744297146,DELHIVERY,4884661825336,Return Delivered,Fri Aug 08 17:00:39 IST 2025,5120063185,Wed Jul 30 00:00:00 IST 2025,Processed,920.33,,,,RVP,1020937293,Different_Product_Delivered,28040785,Sun Aug 10 18:28:59 IST 2025,,592.32,564.12,28.2,14.1,2.5,0.0,0.0,14.1,2.5,NEW,1081024128,FN1155604312,5118321323,Sun Jul 20 00:00:00 IST 2025,AJ261328,2025-07-21,592.32,DELHIVERY,195042373807434,2632.0,BHARVITA,FnL_SHIP,S779,DV00342231,EASY SELL SERVICE PRIVATE LIMITED
RT187904677,701884635001,ZX--Pink-XL,100000000125968941,62114210,Tue Jul 29 13:22:08 IST 2025,RETURN_DELIVERED,1,744253267,XPRESSBEES,23670523157309,Return Delivered,Wed Aug 13 15:11:59 IST 2025,5119959200,Wed Jul 30 00:00:00 IST 2025,Processed,921.0,,,,RVP,1020937098,Size_Is_Smaller_Than_Expected,,,,,,,,,,,,,,1082136014,FN4498600616,5119101818,Fri Jul 25 00:00:00 IST 2025,AJ261396,2025-07-25,592.32,XPRESSBEES,13670526443992,2632.0,BHARVITA,FnL_SHIP,S779,DV00342231,EASY SELL SERVICE PRIVATE LIMITED
RT187647814,701877201002,BH-KKX-MUSTARD-XL,100000000125923974,62114210,Tue Jul 29 12:51:28 IST 2025,RETURN_CANCELLED,0,744473606,DELHIVERY,4884661871116,Shipment Cancelled,,,,Not Processed,0.0,,,,RVP,,Different_Product_Delivered,,,,,,,,,,,,,,1081759115,FN8498605252,5118771481,Wed Jul 23 00:00:00 IST 2025,AJ261360,2025-07-23,592.32,SHADOWFAX,SF1829995217AJI,2632.0,BHARVITA,FnL_SHIP,S779,DV00342231,EASY SELL SERVICE PRIVATE LIMITED
RT187885919,701877201001,BH-KKX-MUSTARD-M,100000000125923967,62114210,Tue Jul 29 08:22:35 IST 2025,RETURN_DELIVERED,1,744232700,DELHIVERY,195042396529014,Return Delivered,Wed Aug 06 15:01:29 IST 2025,5119883636,Tue Jul 29 00:00:00 IST 2025,Processed,921.0,,,,RVP,1020746385,Not_Happy_With_Product_Quality,27875086,Thu Aug 07 12:14:28 IST 2025,,592.32,564.12,28.2,14.1,2.5,0.0,0.0,14.1,2.5,NEW,1080747759,FN6396600682,5118098665,Sat Jul 19 00:00:00 IST 2025,AJ261312,2025-07-19,592.32,XPRESSBEES,13670526080439,2632.0,BHARVITA,FnL_SHIP,S779,DV00342231,EASY SELL SERVICE PRIVATE LIMITED
RT187895379,701877201001,BH-KKX-MUSTARD-M,100000000125923967,62114210,Tue Jul 29 07:41:37 IST 2025,RETURN_DELIVERED,1,744232069,DELHIVERY,195042396526940,Return Delivered,Wed Aug 06 15:01:29 IST 2025,5119853489,Tue Jul 29 00:00:00 IST 2025,Processed,920.51,,,,RVP,1020746357,Found_Better_Price_Elsewhere,27875111,Thu Aug 07 12:14:32 IST 2025,,592.32,564.12,28.2,14.1,2.5,0.0,0.0,14.1,2.5,NEW,1081972947,FN0016601293,5118929747,Thu Jul 24 00:00:00 IST 2025,AJ261381,2025-07-24,592.32,XPRESSBEES,13670526401371,2632.0,BHARVITA,FnL_SHIP,S779,DV00342231,EASY SELL SERVICE PRIVATE LIMITED
RT187905175,701884635001,ZX--Pink-XL,100000000125968941,62114210,Tue Jul 29 00:46:53 IST 2025,RETURN_DELIVERED,1,744230511,SHADOWFAX,R1342132106AJI,Return Delivered,Tue Aug 12 15:00:53 IST 2025,5119855352,Tue Jul 29 00:00:00 IST 2025,Processed,644.7,,,,RVP,1020746338,Does_Not_Fit_Well,28172783,Tue Aug 12 18:21:33 IST 2025,,592.32,564.12,28.2,14.1,2.5,0.0,0.0,14.1,2.5,NEW,1082412302,FN5139506252,5119101846,Fri Jul 25 00:00:00 IST 2025,AJ261388,2025-07-25,592.32,SHADOWFAX,SF1830144911AJI,2632.0,BHARVITA,FnL_SHIP,S779,DV00342231,EASY SELL SERVICE PRIVATE LIMITED
RT187892522,701877201001,BH-KKX-MUSTARD-M,100000000125923967,62114210,Mon Jul 28 23:59:42 IST 2025,RETURN_DELIVERED,1,744229533,SHADOWFAX,R1346032993AJI,Return Delivered,Thu Aug 07 13:34:52 IST 2025,5120040780,Wed Jul 30 00:00:00 IST 2025,Processed,781.72,,,,RVP,1020937205,Does_Not_Look_Good_On_Me,27969699,Fri Aug 08 18:15:13 IST 2025,,592.32,564.12,28.2,14.1,2.5,0.0,0.0,14.1,2.5,NEW,1081357040,FN5888601892,5118416280,Mon Jul 21 00:00:00 IST 2025,AJ261343,2025-07-21,592.32,XPRESSBEES,13670526235765,2632.0,BHARVITA,FnL_SHIP,S779,DV00342231,EASY SELL SERVICE PRIVATE LIMITED
RT187891476,701884646003,ZX--White-3XL,100000000125970867,62114210,Mon Jul 28 23:17:48 IST 2025,RETURN_DELIVERED,1,744227825,SHADOWFAX,R1346050542AJI,Return Delivered,Wed Aug 06 13:21:33 IST 2025,5119796722,Tue Jul 29 00:00:00 IST 2025,Processed,921.0,,,,RVP,1020746317,Did_Not_Like_Color,27875109,Thu Aug 07 12:14:31 IST 2025,,592.32,564.12,28.2,14.1,2.5,0.0,0.0,14.1,2.5,NEW,1081880158,FN1658606640,5118929746,Thu Jul 24 00:00:00 IST 2025,AJ261372,2025-07-24,592.32,SHADOWFAX,SF1830020582AJI,2632.0,BHARVITA,FnL_SHIP,S779,DV00342231,EASY SELL SERVICE PRIVATE LIMITED
RT187856925,701884635004,ZX--Pink-3XL,100000000125970873,62114210,Mon Jul 28 22:01:48 IST 2025,RETURN_DELIVERED,1,744223534,SHADOWFAX,R1344691845AJI,Return Delivered,Wed Aug 06 13:21:33 IST 2025,5119797042,Tue Jul 29 00:00:00 IST 2025,Processed,921.0,,,,RVP,1020746330,Size_Is_Smaller_Than_Expected,27875113,Thu Aug 07 12:14:33 IST 2025,,592.32,564.12,28.2,14.1,2.5,0.0,0.0,14.1,2.5,NEW,1082048729,FN7588607620,5118929748,Thu Jul 24 00:00:00 IST 2025,AJ261368,2025-07-24,592.32,SHADOWFAX,SF1830063974AJI,2632.0,BHARVITA,FnL_SHIP,S779,DV00342231,EASY SELL SERVICE PRIVATE LIMITED
RT187857842,701877201005,BH-KKX-MUSTARD-L,100000000125935795,62114210,Mon Jul 28 21:13:07 IST 2025,RETURN_CANCELLED,0,744218822,SHADOWFAX,R1344712545AJI,Shipment Attempted - QC Failed,,5121211353,Wed Aug 06 00:00:00 IST 2025,Not Processed,0.0,,,,RVP,,Not_Happy_With_Product_Quality,,,,,,,,,,,,,,1081426837,FN5158600643,5118512115,Mon Jul 21 00:00:00 IST 2025,AJ261346,2025-07-22,592.32,SHADOWFAX,SF1829867656AJI,2632.0,BHARVITA,FnL_SHIP,S779,DV00342231,EASY SELL SERVICE PRIVATE LIMITED
RT187854263,701877201002,BH-KKX-MUSTARD-XL,100000000125923974,62114210,Mon Jul 28 17:05:12 IST 2025,RETURN_CREATED,1,744473434,XPRESSBEES,23670523190831,Return Intransit,,5121459520,Fri Aug 08 00:00:00 IST 2025,Processed,644.7,,,,RVP,1022455749,Different_Product_Delivered,,,,,,,,,,,,,,1081003910,FN1588603670,5118321320,Sun Jul 20 00:00:00 IST 2025,AJ261326,2025-07-21,592.32,XPRESSBEES,13670526147899,2632.0,BHARVITA,FnL_SHIP,S779,DV00342231,EASY SELL SERVICE PRIVATE LIMITED
RT187830641,701884635004,ZX--Pink-3XL,100000000125970873,62114210,Mon Jul 28 16:09:44 IST 2025,RETURN_DELIVERED,1,744186818,SHADOWFAX,R1330812774AJI,Return Delivered,Tue Aug 12 15:00:53 IST 2025,5119690958,Mon Jul 28 00:00:00 IST 2025,Processed,795.91,,,,RVP,1020584821,Not_Happy_With_Product_Quality,28172771,Tue Aug 12 18:21:32 IST 2025,,592.32,564.12,28.2,14.1,2.5,0.0,0.0,14.1,2.5,NEW,1082132708,FN0009608494,5119101819,Fri Jul 25 00:00:00 IST 2025,AJ261395,2025-07-25,592.32,XPRESSBEES,13670526443237,2632.0,BHARVITA,FnL_SHIP,S779,DV00342231,EASY SELL SERVICE PRIVATE LIMITED
RT187854031,701884635003,ZX--Pink-2XL,100000000125968989,62114210,Mon Jul 28 15:19:01 IST 2025,RETURN_DELIVERED,1,744177908,SHADOWFAX,R1342138863AJI,Return Delivered,Wed Aug 06 13:21:33 IST 2025,5119692785,Mon Jul 28 00:00:00 IST 2025,Processed,811.32,,,,RVP,1020584820,Did_Not_Like_The_Product,27875120,Thu Aug 07 12:14:35 IST 2025,,592.32,564.12,28.2,14.1,2.5,0.0,0.0,14.1,2.5,NEW,1082341741,FN7209602385,5119101851,Fri Jul 25 00:00:00 IST 2025,AJ2613123,2025-07-25,592.32,DELHIVERY,195042377920472,2632.0,BHARVITA,FnL_SHIP,S779,DV00342231,EASY SELL SERVICE PRIVATE LIMITED
RT187814826,701884635004,ZX--Pink-3XL,100000000125970873,62114210,Mon Jul 28 14:28:57 IST 2025,RETURN_DELIVERED,1,744168128,SHADOWFAX,R1340937574AJI,Return Delivered,Tue Aug 12 15:00:53 IST 2025,5119690959,Mon Jul 28 00:00:00 IST 2025,Processed,921.0,,,,RVP,1020584822,Not_Happy_With_Product_Quality,28172777,Tue Aug 12 18:21:31 IST 2025,,592.32,564.12,28.2,14.1,2.5,0.0,0.0,14.1,2.5,NEW,1081962765,FN6197609268,5118929739,Thu Jul 24 00:00:00 IST 2025,AJ261379,2025-07-24,592.32,DELHIVERY,195042376658442,2632.0,BHARVITA,FnL_SHIP,S779,DV00342231,EASY SELL SERVICE PRIVATE LIMITED
RT187833035,701884635005,ZX--Pink-M,100000000125971914,62114210,Mon Jul 28 12:47:23 IST 2025,RETURN_DELIVERED,1,744151873,SHADOWFAX,R1344707507AJI,Return Delivered,Thu Aug 07 13:34:52 IST 2025,5119708893,Mon Jul 28 00:00:00 IST 2025,Processed,806.59,,,,RVP,1020584824,Does_Not_Look_Good_On_Me,27969705,Fri Aug 08 18:15:14 IST 2025,,592.32,564.12,28.2,14.1,2.5,0.0,0.0,14.1,2.5,NEW,1081570361,FN6298603330,5118613629,Tue Jul 22 00:00:00 IST 2025,AJ261353,2025-07-22,592.32,SHADOWFAX,SF1829947880AJI,2632.0,BHARVITA,FnL_SHIP,S779,DV00342231,EASY SELL SERVICE PRIVATE LIMITED
RT187815467,701884742001,ZX--Blue-2XL,100000000125969501,62114210,Mon Jul 28 12:17:36 IST 2025,RETURN_CREATED,1,744150429,DELHIVERY,195042395890555,Return Intransit,,5119853488,Tue Jul 29 00:00:00 IST 2025,Processed,819.79,,,,RVP,1020746352,Does_Not_Look_Good_On_Me,,,,,,,,,,,,,,1081563628,FN4298601389,5118613626,Tue Jul 22 00:00:00 IST 2025,AJ261352,2025-07-22,592.32,XPRESSBEES,13670526292727,2632.0,BHARVITA,FnL_SHIP,S779,DV00342231,EASY SELL SERVICE PRIVATE LIMITED
RT187800777,701877201005,BH-KKX-MUSTARD-L,100000000125935795,62114210,Mon Jul 28 12:06:18 IST 2025,RETURN_CANCELLED,0,744149741,XPRESSBEES,23670523143296,Staff Out For Pickup From Customer,,,,Not Processed,0.0,,,,RVP,,Received_Defective_Merchandise,,,,,,,,,,,,,,1081949846,EX0032760205,5118929750,Thu Jul 24 00:00:00 IST 2025,AJ261376,2025-07-24,592.32,DELHIVERY,195042376589131,2632.0,BHARVITA,FnL_SHIP,S779,DV00342231,EASY SELL SERVICE PRIVATE LIMITED
RT187796516,701877201005,BH-KKX-MUSTARD-L,100000000125935795,62114210,Sun Jul 27 23:08:52 IST 2025,RETURN_DELIVERED,1,744185729,XPRESSBEES,23670523147152,Return Delivered,Mon Aug 11 15:35:59 IST 2025,5119978116,Wed Jul 30 00:00:00 IST 2025,Processed,920.45,,,,RVP,1020937202,Different_Product_Delivered,,,,,,,,,,,,,,1081804293,EX0032737622,5118771484,Wed Jul 23 00:00:00 IST 2025,AJ261361,2025-07-23,592.32,DELHIVERY,195042376141665,2632.0,BHARVITA,FnL_SHIP,S779,DV00342231,EASY SELL SERVICE PRIVATE LIMITED
RT187796452,701884635002,ZX--Pink-L,100000000125968944,62114210,Sun Jul 27 22:42:10 IST 2025,RETURN_DELIVERED,1,744134225,DELHIVERY,195042395539763,Return Delivered,Wed Aug 06 15:01:29 IST 2025,5119723525,Mon Jul 28 00:00:00 IST 2025,Processed,921.0,,,,RVP,1020584825,Want_To_Change_Style_Color,27875105,Thu Aug 07 12:14:34 IST 2025,,592.32,564.12,28.2,14.1,2.5,0.0,0.0,14.1,2.5,NEW,1082269542,FN5744609203,5119101825,Fri Jul 25 00:00:00 IST 2025,AJ261393,2025-07-25,592.32,XPRESSBEES,13670526482932,2632.0,BHARVITA,FnL_SHIP,S779,DV00342231,EASY SELL SERVICE PRIVATE LIMITED
RT187790514,701877201001,BH-KKX-MUSTARD-M,100000000125923967,62114210,Sun Jul 27 22:24:06 IST 2025,RETURN_CANCELLED,0,744133045,DELHIVERY,195042395535563,Shipment Cancelled,,5120063185,Wed Jul 30 00:00:00 IST 2025,Processed,0.0,,,,RVP,1020937293,Not_Happy_With_Product_Quality,,,,,,,,,,,,,,1081024128,FN1155604312,5118321323,Sun Jul 20 00:00:00 IST 2025,AJ261328,2025-07-21,592.32,DELHIVERY,195042373807434,2632.0,BHARVITA,FnL_SHIP,S779,DV00342231,EASY SELL SERVICE PRIVATE LIMITED
RT187768949,701884635004,ZX--Pink-3XL,100000000125970873,62114210,Sun Jul 27 21:45:25 IST 2025,RETURN_DELIVERED,1,744131180,DELHIVERY,4884661775603,Return Delivered,Wed Aug 06 15:01:29 IST 2025,5121045629,Tue Aug 05 00:00:00 IST 2025,Processed,829.29,,,,RVP,1022000341,Size_Is_Smaller_Than_Expected,27875102,Thu Aug 07 12:14:32 IST 2025,,592.32,564.12,28.2,14.1,2.5,0.0,0.0,14.1,2.5,NEW,1081988151,FN8946602229,5118929742,Thu Jul 24 00:00:00 IST 2025,AJ261382,2025-07-24,592.32,DELHIVERY,195042376756291,2632.0,BHARVITA,FnL_SHIP,S779,DV00342231,EASY SELL SERVICE PRIVATE LIMITED
RT187773668,701877201004,BH-KKX-MUSTARD-S,100000000125934965,62114210,Sun Jul 27 19:35:54 IST 2025,RETURN_DELIVERED,1,744150922,DELHIVERY,4884661777946,Return Delivered,Wed Aug 06 15:01:29 IST 2025,5121832129,Mon Aug 11 00:00:00 IST 2025,Not Processed,920.46,,,,RVP,,Different_Product_Delivered,28111859,Mon Aug 11 18:18:51 IST 2025,,592.32,564.12,28.2,14.1,2.5,0.0,0.0,14.1,2.5,NEW,1081698040,FN9398602519,5118771479,Wed Jul 23 00:00:00 IST 2025,AJ261358,2025-07-23,592.32,DELHIVERY,195042375778402,2632.0,BHARVITA,FnL_SHIP,S779,DV00342231,EASY SELL SERVICE PRIVATE LIMITED
RT187785397,701877201005,BH-KKX-MUSTARD-L,100000000125935795,62114210,Sun Jul 27 18:35:08 IST 2025,,0,,,,,,5122657186,Sun Aug 17 00:00:00 IST 2025,Not Processed,0.0,,,,RVP,,Wrong_Color_Delivered,,,,,,,,,,,,,,,FN7598604725,5118929738,Thu Jul 24 00:00:00 IST 2025,AJ261373,2025-07-24,592.32,SHADOWFAX,SF1830025600AJI,2632.0,BHARVITA,FnL_SHIP,S779,DV00342231,EASY SELL SERVICE PRIVATE LIMITED
RT187780057,701877201002,BH-KKX-MUSTARD-XL,100000000125923974,62114210,Sun Jul 27 15:00:30 IST 2025,RETURN_CANCELLED,0,744103596,SHADOWFAX,R1339257744AJI,Shipment Attempted - QC Failed,,,,Not Processed,0.0,,,,RVP,,Want_To_Change_Style_Color,,,,,,,,,,,,,,1081759115,FN8498605252,5118771481,Wed Jul 23 00:00:00 IST 2025,AJ261360,2025-07-23,592.32,SHADOWFAX,SF1829995217AJI,2632.0,BHARVITA,FnL_SHIP,S779,DV00342231,EASY SELL SERVICE PRIVATE LIMITED
RT187769160,701855811001,ZX--Blue-M,,,Sun Jul 27 14:28:11 IST 2025,RETURN_DELIVERED,1,744101624,SHADOWFAX,R1343268363AJI,Return Delivered,Thu Aug 07 13:34:52 IST 2025,5119650346,Mon Jul 28 00:00:00 IST 2025,Processed,920.45,,,,RVP,1020584689,Not_Happy_With_Product_Quality,27969680,Fri Aug 08 18:15:14 IST 2025,,592.32,564.12,28.2,14.1,2.5,0.0,0.0,14.1,2.5,NEW,1081420761,FN2266604164,5118416283,Mon Jul 21 00:00:00 IST 2025,AJ261345,2025-07-21,592.32,XPRESSBEES,13670526251123,2632.0,,FnL_SHIP,S779,DV00342231,EASY SELL SERVICE PRIVATE LIMITED
RT187749710,701884635005,ZX--Pink-M,100000000125971914,62114210,Sun Jul 27 14:22:16 IST 2025,RETURN_DELIVERED,1,744101072,XPRESSBEES,23670523134720,Return Delivered,Mon Aug 04 15:19:59 IST 2025,5119633278,Mon Jul 28 00:00:00 IST 2025,Processed,921.0,,,,RVP,1020584687,Not_Happy_With_Product_Quality,27902547,Thu Aug 07 18:20:47 IST 2025,,592.32,564.12,28.2,14.1,2.5,0.0,0.0,14.1,2.5,NEW,1082139626,FN0858607813,5119101838,Fri Jul 25 00:00:00 IST 2025,AJ261399,2025-07-25,592.32,XPRESSBEES,13670526444826,2632.0,BHARVITA,FnL_SHIP,S779,DV00342231,EASY SELL SERVICE PRIVATE LIMITED
RT187748753,701877210004,BH-BATIK-Maroon-3XL,100000000125926429,62114210,Sun Jul 27 13:21:25 IST 2025,RETURN_DELIVERED,1,744097463,XPRESSBEES,23670523133971,Return Delivered,Thu Aug 07 14:45:59 IST 2025,5119814048,Tue Jul 29 00:00:00 IST 2025,Processed,637.65,,,,RVP,1020746333,Not_Happy_With_Product_Quality,,,,,,,,,,,,,,1082017853,FL0385674436,5118929769,Thu Jul 24 00:00:00 IST 2025,AJ261385,2025-07-24,469.22,XPRESSBEES,13670526415462,2085.0,BHARVITA,FnL_SHIP,S779,DV00342231,EASY SELL SERVICE PRIVATE LIMITED
RT187750439,701884635002,ZX--Pink-L,100000000125968944,62114210,Sun Jul 27 12:28:15 IST 2025,RETURN_DELIVERED,1,744094712,SHADOWFAX,R1342141586AJI,Return Delivered,Tue Aug 05 13:20:45 IST 2025,5119708892,Mon Jul 28 00:00:00 IST 2025,Processed,810.0,,,,RVP,1020584823,Does_Not_Fit_Well,27782581,Wed Aug 06 00:19:28 IST 2025,,592.32,564.12,28.2,14.1,2.5,0.0,0.0,14.1,2.5,NEW,1082240118,FN7967604591,5119101822,Fri Jul 25 00:00:00 IST 2025,AJ2613113,2025-07-25,592.32,SHADOWFAX,SF1830109313AJI,2632.0,BHARVITA,FnL_SHIP,S779,DV00342231,EASY SELL SERVICE PRIVATE LIMITED
RT187744700,701877201002,BH-KKX-MUSTARD-XL,100000000125923974,62114210,Sun Jul 27 12:28:08 IST 2025,RETURN_CANCELLED,0,744094711,DELHIVERY,195042394946852,Shipment Cancelled,,5120062322,Wed Jul 30 00:00:00 IST 2025,Processed,0.0,,,,RVP,1020937292,Want_To_Change_Style_Color,,,,,,,,,,,,,,1081466345,FN9897603368,5118512118,Mon Jul 21 00:00:00 IST 2025,AJ261349,2025-07-22,592.32,DELHIVERY,195042375061705,2632.0,BHARVITA,FnL_SHIP,S779,DV00342231,EASY SELL SERVICE PRIVATE LIMITED
RT187746674,701884635003,ZX--Pink-2XL,100000000125968989,62114210,Sun Jul 27 12:08:49 IST 2025,,0,,,,,,5121193603,Wed Aug 06 00:00:00 IST 2025,Not Processed,0.0,,,,RVP,,Received_Defective_Merchandise,,,,,,,,,,,,,,,FN9688603583,5119101842,Fri Jul 25 00:00:00 IST 2025,AJ2613118,2025-07-25,592.32,XPRESSBEES,13670526497606,2632.0,BHARVITA,FnL_SHIP,S779,DV00342231,EASY SELL SERVICE PRIVATE LIMITED
RT187740802,701884635003,ZX--Pink-2XL,100000000125968989,62114210,Sun Jul 27 12:08:27 IST 2025,RETURN_DELIVERED,1,744333805,DELHIVERY,195042380151781,Return Delivered,Wed Aug 06 15:01:29 IST 2025,5121193603,Wed Aug 06 00:00:00 IST 2025,Processed,861.81,,,,RVP,1022156423,Received_Defective_Merchandise,27875116,Thu Aug 07 12:14:34 IST 2025,,592.32,564.12,28.2,14.1,2.5,0.0,0.0,14.1,2.5,NEW,1082326808,FN9688603583,5119101842,Fri Jul 25 00:00:00 IST 2025,AJ2613118,2025-07-25,592.32,XPRESSBEES,13670526497606,2632.0,BHARVITA,FnL_SHIP,S779,DV00342231,EASY SELL SERVICE PRIVATE LIMITED
RT187757107,701884635004,ZX--Pink-3XL,100000000125970873,62114210,Sun Jul 27 11:03:48 IST 2025,RETURN_CREATED,1,744090462,XPRESSBEES,23670523132361,Return Intransit,,5120923581,Mon Aug 04 00:00:00 IST 2025,Processed,920.44,,,,RVP,1021845141,Want_To_Change_Style_Color,,,,,,,,,,,,,,1081909464,FN6598600903,5118929753,Thu Jul 24 00:00:00 IST 2025,AJ261375,2025-07-24,592.32,DELHIVERY,195042376421175,2632.0,BHARVITA,FnL_SHIP,S779,DV00342231,EASY SELL SERVICE PRIVATE LIMITED
RT187742543,701855787001,BH-PR-W-APS-M,,,Sun Jul 27 10:02:47 IST 2025,RETURN_DELIVERED,1,744087902,XPRESSBEES,23670523131781,Return Delivered,Sat Aug 02 14:10:59 IST 2025,5119488596,Sun Jul 27 00:00:00 IST 2025,Processed,730.0,,,,RVP,1020335723,Want_To_Change_Style_Color,,Sun Aug 03 02:12:11 IST 2025,Sun Aug 03 02:12:12 IST 2025,469.22,446.88,22.34,11.17,2.5,0.0,0.0,11.17,2.5,POSTING_IN_PROGRESS,1081629273,FN2878606688,5118613631,Tue Jul 22 00:00:00 IST 2025,AJ261356,2025-07-22,469.22,DELHIVERY,195042375521200,2085.0,,FnL_SHIP,S779,DV00342231,EASY SELL SERVICE PRIVATE LIMITED
RT187739525,701877201005,BH-KKX-MUSTARD-L,100000000125935795,62114210,Sun Jul 27 09:50:26 IST 2025,RETURN_DELIVERED,1,744087499,SHADOWFAX,R1343286236AJI,Return Delivered,Thu Aug 07 13:34:52 IST 2025,5119632799,Mon Jul 28 00:00:00 IST 2025,Processed,920.59,,,,RVP,1020584688,Not_Happy_With_Product_Quality,27969697,Fri Aug 08 18:15:13 IST 2025,,592.32,564.12,28.2,14.1,2.5,0.0,0.0,14.1,2.5,NEW,1081184511,FN3128605631,5118321325,Sun Jul 20 00:00:00 IST 2025,AJ261337,2025-07-21,592.32,SHADOWFAX,SF1829806973AJI,2632.0,BHARVITA,FnL_SHIP,S779,DV00342231,EASY SELL SERVICE PRIVATE LIMITED
RT187669999,701884635004,ZX--Pink-3XL,100000000125970873,62114210,Sat Jul 26 17:02:18 IST 2025,RETURN_CANCELLED,0,744050458,XPRESSBEES,23670523125677,Staff Out For Pickup From Customer,,5122786935,Mon Aug 18 00:00:00 IST 2025,Not Processed,0.0,,,,RVP,,Not_Happy_With_Product_Quality,,,,,,,,,,,,,,1081995552,FN7868608440,5118929751,Thu Jul 24 00:00:00 IST 2025,AJ261383,2025-07-24,592.32,SHADOWFAX,SF1830051244AJI,2632.0,BHARVITA,FnL_SHIP,S779,DV00342231,EASY SELL SERVICE PRIVATE LIMITED
RT187678521,701884629003,BH-Organza- BLUE-3XL,100000000125971844,62114210,Sat Jul 26 14:23:25 IST 2025,RETURN_CREATED,1,744365547,DELHIVERY,4884661841296,Shipment Rescheduled,,5122384369,Fri Aug 15 00:00:00 IST 2025,Processed,920.63,,,,RVP,1023373409,Different_Product_Delivered,,,,,,,,,,,,,,1081477997,FN9425403778,5118512119,Mon Jul 21 00:00:00 IST 2025,AJ261350,2025-07-22,592.32,DELHIVERY,195042375090744,2632.0,BHARVITA,FnL_SHIP,S779,DV00342231,EASY SELL SERVICE PRIVATE LIMITED
RT187678176,701877201001,BH-KKX-MUSTARD-M,100000000125923967,62114210,Sat Jul 26 11:42:34 IST 2025,RETURN_DELIVERED,1,744016856,DELHIVERY,195042394095442,Return Delivered,Wed Aug 06 15:01:29 IST 2025,5119369988,Sat Jul 26 00:00:00 IST 2025,Processed,782.85,,,,RVP,1020210471,Does_Not_Fit_Well,27875087,Thu Aug 07 12:14:29 IST 2025,,592.32,564.12,28.2,14.1,2.5,0.0,0.0,14.1,2.5,NEW,1080765750,FN8188605484,5118098666,Sat Jul 19 00:00:00 IST 2025,AJ261314,2025-07-19,592.32,XPRESSBEES,13670526083767,2632.0,BHARVITA,FnL_SHIP,S779,DV00342231,EASY SELL SERVICE PRIVATE LIMITED
RT187645793,701877201003,BH-KKX-MUSTARD-3XL,100000000125926333,62114210,Sat Jul 26 00:36:35 IST 2025,RETURN_DELIVERED,1,744005082,XPRESSBEES,23670523119154,Return Delivered,Sat Aug 02 14:10:59 IST 2025,5119303723,Sat Jul 26 00:00:00 IST 2025,Processed,920.41,,,,RVP,1020210349,Want_To_Change_Style_Color,27609144,Sun Aug 03 02:12:10 IST 2025,,592.32,564.12,28.2,14.1,2.5,0.0,0.0,14.1,2.5,NEW,1080935281,FN0257609474,5118321280,Sun Jul 20 00:00:00 IST 2025,AJ261322,2025-07-21,592.32,SHADOWFAX,SF1806354472AJI,2632.0,BHARVITA,FnL_SHIP,S779,DV00342231,EASY SELL SERVICE PRIVATE LIMITED
RT187634696,701877201005,BH-KKX-MUSTARD-L,100000000125935795,62114210,Fri Jul 25 22:33:20 IST 2025,RETURN_DELIVERED,1,744000197,SHADOWFAX,R1340943794AJI,Return Delivered,Thu Aug 07 13:34:52 IST 2025,5119288460,Sat Jul 26 00:00:00 IST 2025,Processed,789.6,,,,RVP,1020210345,Not_Happy_With_Product_Quality,27969677,Fri Aug 08 18:15:11 IST 2025,,592.32,564.12,28.2,14.1,2.5,0.0,0.0,14.1,2.5,NEW,1080978371,FN7488605614,5118321283,Sun Jul 20 00:00:00 IST 2025,AJ261324,2025-07-21,592.32,SHADOWFAX,SF1806365683AJI,2632.0,BHARVITA,FnL_SHIP,S779,DV00342231,EASY SELL SERVICE PRIVATE LIMITED
RT187617956,701877201002,BH-KKX-MUSTARD-XL,100000000125923974,62114210,Fri Jul 25 21:14:38 IST 2025,RETURN_DELIVERED,1,743994669,SHADOWFAX,R1333175748AJI,Return Delivered,Tue Aug 05 13:20:45 IST 2025,5119345183,Sat Jul 26 00:00:00 IST 2025,Processed,921.0,,,,RVP,1020210432,Does_Not_Look_Good_On_Me,27782579,Wed Aug 06 00:19:27 IST 2025,,592.32,564.12,28.2,14.1,2.5,0.0,0.0,14.1,2.5,NEW,1081089201,FN1348609935,5118321328,Sun Jul 20 00:00:00 IST 2025,AJ261333,2025-07-21,592.32,SHADOWFAX,SF1829777210AJI,2632.0,BHARVITA,FnL_SHIP,S779,DV00342231,EASY SELL SERVICE PRIVATE LIMITED
RT187649306,701877201002,BH-KKX-MUSTARD-XL,100000000125923974,62114210,Fri Jul 25 21:08:27 IST 2025,RETURN_DELIVERED,1,743994424,SHADOWFAX,R1336536466AJI,Return Delivered,Tue Aug 12 15:00:53 IST 2025,5119345185,Sat Jul 26 00:00:00 IST 2025,Processed,799.59,,,,RVP,1020210440,Not_Happy_With_Product_Quality,28172772,Tue Aug 12 18:21:29 IST 2025,,592.32,564.12,28.2,14.1,2.5,0.0,0.0,14.1,2.5,NEW,1081141143,FN8095607642,5118321324,Sun Jul 20 00:00:00 IST 2025,AJ261334,2025-07-21,592.32,SHADOWFAX,SF1829794944AJI,2632.0,BHARVITA,FnL_SHIP,S779,DV00342231,EASY SELL SERVICE PRIVATE LIMITED
RT187617859,701877201002,BH-KKX-MUSTARD-XL,100000000125923974,62114210,Fri Jul 25 20:31:28 IST 2025,RETURN_DELIVERED,1,743990419,SHADOWFAX,R1337741693AJI,Return Delivered,Tue Aug 12 15:00:53 IST 2025,5119358373,Sat Jul 26 00:00:00 IST 2025,Processed,921.0,,,,RVP,1020210442,Found_Better_Product,28172769,Tue Aug 12 18:21:28 IST 2025,,592.32,564.12,28.2,14.1,2.5,0.0,0.0,14.1,2.5,NEW,1080882198,FN3878606515,5118321286,Sun Jul 20 00:00:00 IST 2025,AJ261320,2025-07-21,592.32,SHADOWFAX,SF1806339208AJI,2632.0,BHARVITA,FnL_SHIP,S779,DV00342231,EASY SELL SERVICE PRIVATE LIMITED
RT187630376,701884635001,ZX--Pink-XL,100000000125968941,62114210,Fri Jul 25 19:25:48 IST 2025,RETURN_DELIVERED,1,743985678,SHADOWFAX,R1339266147AJI,Return Delivered,Fri Aug 01 14:25:03 IST 2025,5119323842,Sat Jul 26 00:00:00 IST 2025,Processed,778.93,,,,RVP,1020210382,Want_To_Change_Style_Color,27782596,Wed Aug 06 00:19:28 IST 2025,,592.32,564.12,28.2,14.1,2.5,0.0,0.0,14.1,2.5,NEW,1081336520,FN7488605405,5118416284,Mon Jul 21 00:00:00 IST 2025,AJ261341,2025-07-21,592.32,SHADOWFAX,SF1829843941AJI,2632.0,BHARVITA,FnL_SHIP,S779,DV00342231,EASY SELL SERVICE PRIVATE LIMITED
RT187640195,701877201004,BH-KKX-MUSTARD-S,100000000125934965,62114210,Fri Jul 25 19:13:32 IST 2025,RETURN_DELIVERED,1,743984292,SHADOWFAX,R1337723260AJI,Return Delivered,Tue Aug 05 13:20:45 IST 2025,5119361023,Sat Jul 26 00:00:00 IST 2025,Processed,810.8,,,,RVP,1020210447,Does_Not_Look_Good_On_Me,27782573,Wed Aug 06 00:19:27 IST 2025,,592.32,564.12,28.2,14.1,2.5,0.0,0.0,14.1,2.5,NEW,1080864028,FN6318603064,5118321284,Sun Jul 20 00:00:00 IST 2025,AJ261317,2025-07-21,592.32,SHADOWFAX,SF1806333274AJI,2632.0,BHARVITA,FnL_SHIP,S779,DV00342231,EASY SELL SERVICE PRIVATE LIMITED
RT187617643,701877201003,BH-KKX-MUSTARD-3XL,100000000125926333,62114210,Fri Jul 25 19:08:05 IST 2025,RETURN_DELIVERED,1,743983616,DELHIVERY,195042393610272,Return Delivered,Wed Aug 06 15:01:29 IST 2025,5119343806,Sat Jul 26 00:00:00 IST 2025,Processed,920.0,,,,RVP,1020210436,Not_Happy_With_Product_Quality,27875099,Thu Aug 07 12:14:29 IST 2025,,592.32,564.12,28.2,14.1,2.5,0.0,0.0,14.1,2.5,NEW,1081234150,FN2876606702,5118321329,Sun Jul 20 00:00:00 IST 2025,AJ261318,2025-07-21,592.32,SHADOWFAX,SF1829820168AJI,2632.0,BHARVITA,FnL_SHIP,S779,DV00342231,EASY SELL SERVICE PRIVATE LIMITED
RT187640025,701877201001,BH-KKX-MUSTARD-M,100000000125923967,62114210,Fri Jul 25 18:00:08 IST 2025,RETURN_CANCELLED,0,743975253,SHADOWFAX,R1340926399AJI,Shipment Pickup Cancelled,,,,Not Processed,0.0,,,,RVP,,Does_Not_Look_Good_On_Me,,,,,,,,,,,,,,1080318576,FN0058605612,5117954320,Fri Jul 18 00:00:00 IST 2025,AJ26133,2025-07-18,592.32,DELHIVERY,195042371757543,2632.0,BHARVITA,FnL_SHIP,S779,DV00342231,EASY SELL SERVICE PRIVATE LIMITED
RT187599772,701877201005,BH-KKX-MUSTARD-L,100000000125935795,62114210,Fri Jul 25 17:23:42 IST 2025,RETURN_DELIVERED,1,743972290,SHADOWFAX,R1340938751AJI,Return Delivered,Tue Aug 05 13:20:45 IST 2025,5119345184,Sat Jul 26 00:00:00 IST 2025,Processed,818.47,,,,RVP,1020210389,Did_Not_Like_Color,27782580,Wed Aug 06 00:19:27 IST 2025,,592.32,564.12,28.2,14.1,2.5,0.0,0.0,14.1,2.5,NEW,1081149049,FN3658604925,5118321321,Sun Jul 20 00:00:00 IST 2025,AJ261335,2025-07-21,592.32,SHADOWFAX,SF1829797170AJI,2632.0,BHARVITA,FnL_SHIP,S779,DV00342231,EASY SELL SERVICE PRIVATE LIMITED
RT187589852,701877201002,BH-KKX-MUSTARD-XL,100000000125923974,62114210,Fri Jul 25 16:23:42 IST 2025,RETURN_DELIVERED,1,743967794,DELHIVERY,195042393483524,Return Delivered,Wed Aug 06 15:01:29 IST 2025,5119518135,Sun Jul 27 00:00:00 IST 2025,Processed,920.0,,,,RVP,1020335724,Did_Not_Like_The_Product,27875098,Thu Aug 07 12:14:28 IST 2025,,592.32,564.12,28.2,14.1,2.5,0.0,0.0,14.1,2.5,NEW,1080676443,FN0756605126,5118098661,Sat Jul 19 00:00:00 IST 2025,AJ261310,2025-07-19,592.32,SHADOWFAX,SF1806286802AJI,2632.0,BHARVITA,FnL_SHIP,S779,DV00342231,EASY SELL SERVICE PRIVATE LIMITED
RT187598626,701877201002,BH-KKX-MUSTARD-XL,100000000125923974,62114210,Fri Jul 25 15:49:34 IST 2025,RETURN_CANCELLED,0,743965574,XPRESSBEES,23670523112399,Staff Out For Pickup From Customer,,5121459520,Fri Aug 08 00:00:00 IST 2025,Not Processed,0.0,,,,RVP,,Not_Happy_With_Product_Quality,,,,,,,,,,,,,,1081003910,FN1588603670,5118321320,Sun Jul 20 00:00:00 IST 2025,AJ261326,2025-07-21,592.32,XPRESSBEES,13670526147899,2632.0,BHARVITA,FnL_SHIP,S779,DV00342231,EASY SELL SERVICE PRIVATE LIMITED
RT187597577,701884635004,ZX--Pink-3XL,100000000125970873,62114210,Fri Jul 25 14:55:12 IST 2025,RETURN_DELIVERED,1,743959786,SHADOWFAX,R1340929492AJI,Return Delivered,Mon Aug 04 14:38:08 IST 2025,5119185153,Fri Jul 25 00:00:00 IST 2025,Processed,871.3,,,,RVP,1020050701,Does_Not_Look_Good_On_Me,27782578,Wed Aug 06 00:19:25 IST 2025,,592.32,564.12,28.2,14.1,2.5,0.0,0.0,14.1,2.5,NEW,1080522765,FN9447606068,5118098660,Sat Jul 19 00:00:00 IST 2025,AJ26138,2025-07-19,592.32,XPRESSBEES,13670526020455,2632.0,BHARVITA,FnL_SHIP,S779,DV00342231,EASY SELL SERVICE PRIVATE LIMITED
RT187573090,701884635001,ZX--Pink-XL,100000000125968941,62114210,Thu Jul 24 20:59:27 IST 2025,RETURN_DELIVERED,1,743917802,XPRESSBEES,23670523104361,Return Delivered,Mon Aug 11 15:35:59 IST 2025,5119182432,Fri Jul 25 00:00:00 IST 2025,Processed,794.14,,,,RVP,1020050703,Did_Not_Like_Color,,,,,,,,,,,,,,1080746330,FN9468606380,5118098664,Sat Jul 19 00:00:00 IST 2025,AJ261311,2025-07-19,592.32,DELHIVERY,195042372945966,2632.0,BHARVITA,FnL_SHIP,S779,DV00342231,EASY SELL SERVICE PRIVATE LIMITED
RT187504690,701877201001,BH-KKX-MUSTARD-M,100000000125923967,62114210,Thu Jul 24 15:08:01 IST 2025,RETURN_DELIVERED,1,743887396,XPRESSBEES,23670523099584,Return Delivered,Mon Aug 11 15:35:59 IST 2025,5119470475,Sun Jul 27 00:00:00 IST 2025,Processed,920.47,,,,RVP,1020335722,Does_Not_Look_Good_On_Me,,,,,,,,,,,,,,1080760757,FN7867607337,5118098663,Sat Jul 19 00:00:00 IST 2025,AJ261313,2025-07-19,592.32,SHADOWFAX,SF1806304824AJI,2632.0,BHARVITA,FnL_SHIP,S779,DV00342231,EASY SELL SERVICE PRIVATE LIMITED
RT187491725,701877201002,BH-KKX-MUSTARD-XL,100000000125923974,62114210,Thu Jul 24 12:10:02 IST 2025,RETURN_DELIVERED,1,743864836,SHADOWFAX,R1337726898AJI,Return Delivered,Wed Aug 06 13:21:33 IST 2025,5120247679,Thu Jul 31 00:00:00 IST 2025,Processed,920.0,,,,RVP,1021129868,Did_Not_Like_The_Product,27875088,Thu Aug 07 12:14:30 IST 2025,,592.32,564.12,28.2,14.1,2.5,0.0,0.0,14.1,2.5,NEW,1081252234,FN5766604229,5118416277,Mon Jul 21 00:00:00 IST 2025,AJ261338,2025-07-21,592.32,XPRESSBEES,13670526212606,2632.0,BHARVITA,FnL_SHIP,S779,DV00342231,EASY SELL SERVICE PRIVATE LIMITED
RT187488141,701877201005,BH-KKX-MUSTARD-L,100000000125935795,62114210,Wed Jul 23 21:50:56 IST 2025,RETURN_DELIVERED,1,743843104,SHADOWFAX,R1337733773AJI,Return Delivered,Tue Aug 05 13:20:45 IST 2025,5119032493,Thu Jul 24 00:00:00 IST 2025,Processed,921.0,,,,RVP,1019883884,Did_Not_Like_Color,27782571,Wed Aug 06 00:19:26 IST 2025,,592.32,564.12,28.2,14.1,2.5,0.0,0.0,14.1,2.5,NEW,1080784756,FN0288609159,5118098667,Sat Jul 19 00:00:00 IST 2025,AJ261316,2025-07-19,592.32,SHADOWFAX,SF1806309662AJI,2632.0,BHARVITA,FnL_SHIP,S779,DV00342231,EASY SELL SERVICE PRIVATE LIMITED
RT187455552,701877201001,BH-KKX-MUSTARD-M,100000000125923967,62114210,Wed Jul 23 20:18:02 IST 2025,RETURN_CANCELLED,0,743835818,DELHIVERY,195042391946604,Shipment Cancelled,,5119369988,Sat Jul 26 00:00:00 IST 2025,Processed,0.0,,,,RVP,1020210471,Does_Not_Look_Good_On_Me,,,,,,,,,,,,,,1080765750,FN8188605484,5118098666,Sat Jul 19 00:00:00 IST 2025,AJ261314,2025-07-19,592.32,XPRESSBEES,13670526083767,2632.0,BHARVITA,FnL_SHIP,S779,DV00342231,EASY SELL SERVICE PRIVATE LIMITED
RT187461264,701877201002,BH-KKX-MUSTARD-XL,100000000125923974,62114210,Wed Jul 23 18:29:37 IST 2025,RETURN_DELIVERED,1,743826021,SHADOWFAX,R1337743592AJI,Return Delivered,Mon Aug 04 14:38:08 IST 2025,5118977969,Thu Jul 24 00:00:00 IST 2025,Processed,920.69,,,,RVP,1019883855,Size_Is_Smaller_Than_Expected,27782569,Wed Aug 06 00:19:26 IST 2025,,592.32,564.12,28.2,14.1,2.5,0.0,0.0,14.1,2.5,NEW,1080769800,FN5067602079,5118098668,Sat Jul 19 00:00:00 IST 2025,AJ261315,2025-07-19,592.32,SHADOWFAX,SF1806306771AJI,2632.0,BHARVITA,FnL_SHIP,S779,DV00342231,EASY SELL SERVICE PRIVATE LIMITED
RT187420850,701855907001,BH-RUHINA-Peach-S,,,Wed Jul 23 16:46:11 IST 2025,RETURN_CREATED,1,744277305,DELHIVERY,195042376926155,Return Intransit,,,,Not Processed,0.0,,,,RVP,,Color_Faded_Washed_Out,,,,,,,,,,,,,,1079854292,FN5668607274,5117618943,Wed Jul 16 00:00:00 IST 2025,AJ26131,2025-07-16,475.97,SHADOWFAX,SF1805930816AJI,2115.0,,FnL_SHIP,S779,DV00342231,EASY SELL SERVICE PRIVATE LIMITED
RT187427554,701877201001,BH-KKX-MUSTARD-M,100000000125923967,62114210,Wed Jul 23 16:13:51 IST 2025,RETURN_DELIVERED,1,743814931,DELHIVERY,195042391804666,Return Delivered,Wed Aug 06 15:01:29 IST 2025,5119019254,Thu Jul 24 00:00:00 IST 2025,Processed,808.44,,,,RVP,1019883859,Did_Not_Like_Color,27875084,Thu Aug 07 12:14:26 IST 2025,,592.32,564.12,28.2,14.1,2.5,0.0,0.0,14.1,2.5,NEW,1080446282,FN9948607138,5118098657,Sat Jul 19 00:00:00 IST 2025,AJ26135,2025-07-19,592.32,DELHIVERY,195042372118404,2632.0,BHARVITA,FnL_SHIP,S779,DV00342231,EASY SELL SERVICE PRIVATE LIMITED
RT187404499,701877201001,BH-KKX-MUSTARD-M,100000000125923967,62114210,Wed Jul 23 10:06:56 IST 2025,RETURN_DELIVERED,1,744110107,DELHIVERY,195042376589131,Return Delivered,Wed Aug 06 15:01:29 IST 2025,5121192387,Wed Aug 06 00:00:00 IST 2025,Processed,921.0,,,,RVP,1022156426,Size_Smaller_Than_Expected,27875094,Thu Aug 07 12:14:27 IST 2025,,592.32,564.12,28.2,14.1,2.5,0.0,0.0,14.1,2.5,NEW,1080461171,FN8778600143,5118098655,Sat Jul 19 00:00:00 IST 2025,AJ26137,2025-07-19,592.32,XPRESSBEES,13670526008997,2632.0,BHARVITA,FnL_SHIP,S779,DV00342231,EASY SELL SERVICE PRIVATE LIMITED
RT187373054,701877201005,BH-KKX-MUSTARD-L,100000000125935795,62114210,Tue Jul 22 17:37:55 IST 2025,RETURN_DELIVERED,1,744115629,DELHIVERY,195042376141665,Return Delivered,Wed Aug 06 15:01:29 IST 2025,5119977700,Wed Jul 30 00:00:00 IST 2025,Processed,920.45,,,,RVP,1020937201,Size_Smaller_Than_Expected,27875097,Thu Aug 07 12:14:27 IST 2025,,592.32,564.12,28.2,14.1,2.5,0.0,0.0,14.1,2.5,NEW,1080581708,FN2955608220,5118098662,Sat Jul 19 00:00:00 IST 2025,AJ26139,2025-07-19,592.32,SHADOWFAX,SF1806128777AJI,2632.0,BHARVITA,FnL_SHIP,S779,DV00342231,EASY SELL SERVICE PRIVATE LIMITED
RT187170570,701855880001,ZX--White-S,,,Sun Jul 20 12:49:07 IST 2025,RETURN_DELIVERED,1,743563491,SHADOWFAX,R1330817992AJI,Return Delivered,Wed Jul 30 13:21:52 IST 2025,5118652090,Tue Jul 22 00:00:00 IST 2025,Processed,645.42,,,,RVP,1019541042,Size_Is_Larger_than_Expected,,,,,,,,,,,,,,1078219045,FN5495404703,5116690928,Thu Jul 10 00:00:00 IST 2025,CGJ1-2526-6676,2025-07-10,592.32,SHADOWFAX,SF1805418743AJI,2632.0,,FnL_SHIP,S779,DV00342231,EASY SELL SERVICE PRIVATE LIMITED
RT186604184,701884529002,BH-RUHINA-Peach-M,100000000125968497,62114210,Sun Jul 13 15:17:55 IST 2025,RETURN_DELIVERED,1,743036350,SHADOWFAX,R1321708335AJI,Return Delivered,Mon Jul 21 14:39:58 IST 2025,5117378993,Mon Jul 14 00:00:00 IST 2025,Processed,740.0,,,,RVP,1018166020,Not_Happy_With_Product_Quality,27875081,Thu Aug 07 12:14:26 IST 2025,,475.97,453.31,22.66,11.33,2.5,0.0,0.0,11.33,2.5,NEW,1078472280,FN8058605147,5116859370,Fri Jul 11 00:00:00 IST 2025,CGJ1-2526-6724,2025-07-11,475.97,DELHIVERY,195042366175043,2115.0,BHARVITA,FnL_SHIP,S779,DV00342231,EASY SELL SERVICE PRIVATE LIMITED
RT186604180,701855747001,BH--ASP-XL,,,Sun Jul 13 15:15:55 IST 2025,RETURN_DELIVERED,1,743035953,SHADOWFAX,R1321707546AJI,Return Delivered,Mon Jul 21 14:39:58 IST 2025,5117397472,Mon Jul 14 00:00:00 IST 2025,Processed,642.82,,,,RVP,1018166023,Not_Happy_With_Product_Quality,27875093,Thu Aug 07 12:14:25 IST 2025,,479.35,456.53,22.82,11.41,2.5,0.0,0.0,11.41,2.5,NEW,1077255750,FN9538602793,5116555800,Wed Jul 09 00:00:00 IST 2025,CGJ1-2526-6620,2025-07-09,479.35,XPRESSBEES,13670525211989,2130.0,,FnL_SHIP,S779,DV00342231,EASY SELL SERVICE PRIVATE LIMITED
RT186251509,701855911001,BH-Organza- BLUE-L,,,Tue Jul 08 23:48:23 IST 2025,RETURN_DELIVERED,1,743191513,DELHIVERY,195042365053083,Return Delivered,Wed Jul 23 18:49:53 IST 2025,5118869588,Wed Jul 23 00:00:00 IST 2025,Processed,671.0,,,,RVP,1019716449,Received_Defective_Merchandise,28111838,Mon Aug 11 18:18:50 IST 2025,,592.32,564.12,28.2,14.1,2.5,0.0,0.0,14.1,2.5,NEW,1076672665,FN0308608246,5115826832,Fri Jul 04 00:00:00 IST 2025,CGJ1-2526-6395,2025-07-04,592.32,XPRESSBEES,13670525176986,2632.0,,FnL_SHIP,S779,DV00342231,EASY SELL SERVICE PRIVATE LIMITED
